id_cliente,meses_de_casa,plano,valor_mensal,forma_pagamento,entrou_com_cupom,entregas_atrasadas,chamados_suporte,avaliacao_media,dias_sem_acessar,idade,cancelou
1,6,Degustação,37.31,Pix,0,0,0,4.9,13,33,0
2,47,Clássico,79.2,Pix,0,1,0,4.5,3,55,0
3,40,Degustação,41.21,Cartão,0,1,1,3.6,7,39,1
4,27,Degustação,46.9,Pix,0,0,1,3.9,10,47,0
5,26,Clássico,76.87,Cartão,1,0,0,,9,25,0
6,52,Degustação,40.6,Pix,0,0,1,,6,42,1
7,6,Premium,121.97,Pix,0,0,0,3.8,1,26,0
8,42,Degustação,43.05,Cartão,0,0,0,,22,41,1
9,13,Clássico,76.7,Cartão,1,3,1,3.7,1,21,0
10,6,Clássico,75.44,Pix,1,2,1,3.1,26,37,1
11,32,Clássico,67.48,Cartão,0,0,0,3.9,50,50,1
12,59,Clássico,81.68,Boleto,1,2,1,3.7,2,44,1
13,45,Clássico,80.62,Pix,1,0,2,3.7,8,24,0
14,46,Premium,122.41,Pix,0,1,1,3.6,1,18,0
15,44,Degustação,48.09,Cartão,0,4,6,4.0,15,43,1
16,48,Degustação,42.56,Pix,0,2,3,3.5,7,55,0
17,31,Clássico,84.95,Boleto,0,0,0,3.9,19,27,1
18,8,Premium,140.28,Cartão,0,0,0,4.0,2,61,0
19,51,Degustação,46.58,Cartão,0,0,0,4.4,4,38,0
20,28,Clássico,75.28,Cartão,0,1,2,3.2,17,18,0
21,31,Premium,133.37,Cartão,1,3,2,3.6,1,21,1
22,23,Clássico,92.27,Pix,0,1,1,4.0,5,46,1
23,11,Premium,143.84,Cartão,0,0,0,3.0,9,39,1
24,56,Clássico,76.34,Pix,1,0,1,5.0,5,54,0
25,47,Clássico,72.87,Cartão,0,0,0,5.0,14,25,0
26,39,Degustação,56.15,Cartão,0,0,1,3.6,6,39,1
27,25,Premium,125.85,Cartão,0,1,2,3.2,7,38,0
28,50,Degustação,43.8,Boleto,0,0,4,4.2,18,36,1
29,33,Clássico,72.04,Pix,0,0,0,3.2,37,34,1
30,27,Clássico,66.86,Cartão,0,1,0,,0,34,1
31,28,Clássico,89.73,Pix,0,0,1,3.8,21,40,0
32,14,Clássico,88.6,Cartão,1,0,3,5.0,15,41,1
33,6,Clássico,83.21,Cartão,1,2,3,3.1,26,41,1
34,34,Premium,129.88,Cartão,1,2,0,3.5,2,51,0
35,54,Clássico,72.73,Boleto,0,0,1,4.9,16,25,0
36,4,Clássico,91.68,Pix,1,1,1,,6,18,1
37,52,Degustação,53.26,Pix,1,1,2,4.0,10,49,0
38,50,Clássico,76.54,Cartão,0,0,0,4.8,2,28,0
39,17,Clássico,77.12,Cartão,0,2,3,3.3,6,34,1
40,38,Degustação,48.92,Pix,0,1,1,3.1,23,31,0
41,10,Degustação,34.73,Cartão,0,1,1,3.0,21,31,0
42,46,Clássico,89.06,Boleto,1,0,0,4.5,6,22,0
43,43,Clássico,83.61,Pix,0,1,1,4.1,21,32,0
44,22,Clássico,94.41,Cartão,0,0,0,4.7,18,45,1
45,5,Degustação,37.29,Pix,0,1,0,3.7,9,38,1
46,59,Degustação,39.16,Boleto,0,1,0,3.0,18,44,0
47,27,Degustação,39.02,Cartão,0,0,1,2.7,23,33,0
48,54,Premium,124.38,Pix,1,1,0,5.0,0,48,0
49,41,Premium,130.0,Boleto,1,1,1,4.2,7,32,0
50,47,Degustação,44.37,Cartão,1,1,2,3.9,3,18,0
51,46,Clássico,80.74,Boleto,0,2,1,3.8,7,41,0
52,12,Degustação,49.3,Cartão,1,2,2,2.7,9,46,1
53,22,Degustação,53.79,Pix,0,3,4,2.9,5,32,1
54,29,Degustação,47.16,Pix,1,4,3,4.1,20,51,1
55,30,Degustação,41.88,Pix,0,0,1,4.5,0,29,0
56,3,Clássico,76.22,Cartão,0,1,0,3.4,21,45,1
57,33,Premium,116.58,Pix,1,3,4,2.6,20,57,1
58,10,Degustação,30.42,Cartão,1,1,2,3.5,7,38,1
59,45,Clássico,74.72,Cartão,0,1,0,3.7,4,36,0
60,41,Clássico,66.07,Cartão,1,1,0,5.0,42,37,0
61,56,Premium,133.79,Pix,1,2,4,3.5,2,56,1
62,45,Clássico,77.05,Cartão,0,0,0,3.4,1,42,0
63,22,Degustação,45.49,Cartão,0,0,1,4.1,5,62,0
64,59,Clássico,87.01,Boleto,0,2,3,3.8,6,41,1
65,25,Degustação,45.18,Cartão,0,0,0,3.3,18,31,0
66,20,Premium,131.26,Cartão,0,1,4,4.1,4,32,1
67,55,Degustação,46.28,Cartão,0,0,0,4.8,16,39,0
68,23,Clássico,83.19,Cartão,0,0,0,4.2,2,18,0
69,5,Degustação,59.74,Pix,0,0,2,3.6,3,33,0
70,29,Clássico,79.14,Cartão,0,0,1,3.8,5,33,0
71,48,Premium,128.6,Cartão,0,0,0,3.1,11,41,0
72,12,Clássico,72.04,Boleto,0,0,2,4.0,12,59,1
73,28,Clássico,80.59,Pix,0,1,0,4.0,10,39,0
74,8,Premium,126.27,Pix,0,0,0,3.6,8,18,0
75,42,Premium,122.74,Boleto,0,1,0,5.0,33,28,0
76,29,Degustação,53.68,Boleto,1,2,2,4.1,6,41,0
77,20,Clássico,86.09,Cartão,0,3,2,,0,39,0
78,14,Clássico,82.02,Pix,0,0,0,3.0,4,56,1
79,34,Clássico,80.17,Pix,0,0,1,3.5,5,49,0
80,41,Degustação,50.5,Cartão,0,2,1,4.5,1,48,0
81,57,Degustação,38.27,Cartão,0,1,0,4.4,12,36,0
82,27,Premium,134.09,Cartão,0,0,0,5.0,13,50,0
83,10,Premium,120.8,Pix,0,1,0,3.9,12,28,1
84,50,Premium,132.58,Pix,1,2,2,3.5,9,49,1
85,38,Premium,143.52,Pix,0,1,1,3.1,2,35,1
86,43,Clássico,73.42,Cartão,0,2,1,3.8,10,22,0
87,6,Premium,139.4,Cartão,1,0,1,4.0,3,45,1
88,19,Premium,118.46,Cartão,0,0,1,4.0,33,53,1
89,47,Clássico,85.07,Cartão,0,0,0,5.0,3,34,0
90,50,Clássico,57.08,Boleto,1,1,1,3.8,1,55,0
91,27,Degustação,41.41,Boleto,0,1,2,4.6,7,20,1
92,49,Clássico,81.68,Boleto,0,0,0,3.1,2,25,0
93,51,Degustação,44.34,Boleto,0,0,1,5.0,36,36,1
94,24,Degustação,39.57,Boleto,1,0,2,3.9,17,34,0
95,54,Clássico,96.99,Cartão,0,1,2,4.3,28,31,0
96,18,Clássico,68.44,Cartão,0,0,0,4.6,22,39,0
97,15,Degustação,48.5,Cartão,0,0,1,3.8,1,32,0
98,41,Premium,125.24,Cartão,1,0,0,4.6,7,34,0
99,39,Premium,131.95,Cartão,1,2,1,4.1,1,41,0
100,9,Degustação,47.5,Cartão,0,1,1,3.4,8,31,0
101,50,Degustação,37.38,Boleto,0,2,2,3.2,19,37,0
102,12,Degustação,53.38,Cartão,1,2,3,3.6,23,31,1
103,49,Premium,128.51,Boleto,0,2,2,3.5,3,25,0
104,1,Premium,119.2,Pix,0,2,1,4.4,11,46,1
105,48,Degustação,45.72,Pix,0,2,1,4.0,0,57,0
106,48,Premium,131.7,Pix,0,1,1,3.8,5,50,0
107,47,Degustação,32.9,Cartão,0,2,1,4.0,8,42,0
108,40,Degustação,44.64,Pix,0,0,0,2.9,17,31,0
109,29,Premium,128.93,Cartão,0,2,3,3.2,1,35,1
110,43,Degustação,46.97,Boleto,0,0,1,4.3,9,50,0
111,17,Degustação,51.81,Cartão,1,1,1,4.5,0,18,0
112,47,Clássico,77.31,Cartão,0,0,0,4.2,17,34,0
113,34,Clássico,78.94,Pix,0,2,0,4.5,16,46,0
114,28,Premium,142.4,Pix,0,2,0,4.1,4,25,0
115,31,Premium,127.23,Cartão,1,0,1,3.8,10,43,0
116,35,Degustação,42.64,Pix,0,2,1,3.5,20,42,1
117,3,Degustação,50.8,Cartão,0,1,5,4.1,5,22,1
118,9,Premium,137.18,Pix,0,2,0,3.3,3,39,1
119,15,Degustação,46.31,Cartão,0,0,0,5.0,6,31,0
120,7,Premium,120.13,Cartão,0,0,0,,21,43,0
121,27,Clássico,75.76,Cartão,1,3,1,3.5,32,45,1
122,41,Degustação,35.79,Cartão,1,1,0,4.3,52,42,0
123,40,Premium,121.8,Cartão,0,0,1,3.9,0,39,0
124,29,Degustação,35.09,Cartão,1,0,0,3.8,2,41,0
125,52,Clássico,86.25,Cartão,0,1,0,3.8,6,25,0
126,34,Clássico,82.31,Cartão,0,3,1,3.8,10,38,1
127,5,Clássico,80.07,Cartão,0,2,0,3.3,3,29,1
128,46,Clássico,84.58,Cartão,0,2,0,3.0,13,49,0
129,35,Clássico,79.12,Pix,0,1,1,4.5,4,46,0
130,39,Premium,134.05,Boleto,0,0,0,4.3,9,45,0
131,34,Premium,136.59,Cartão,1,1,2,4.5,1,57,0
132,34,Clássico,101.26,Boleto,1,0,0,4.6,12,34,0
133,6,Degustação,52.86,Cartão,0,0,0,5.0,11,32,1
134,34,Clássico,80.06,Cartão,0,0,1,4.8,10,34,0
135,48,Premium,122.3,Pix,0,0,2,3.7,16,20,0
136,19,Degustação,53.37,Pix,0,1,0,4.1,4,21,0
137,37,Clássico,80.37,Pix,0,0,1,3.8,8,45,0
138,2,Clássico,67.03,Cartão,1,2,1,3.3,10,23,0
139,21,Degustação,47.26,Pix,1,0,1,,35,26,0
140,27,Clássico,75.2,Cartão,0,0,1,3.9,13,37,0
141,59,Degustação,55.47,Cartão,0,0,0,4.4,16,33,0
142,13,Premium,129.17,Cartão,0,0,0,4.1,5,48,1
143,17,Premium,119.33,Boleto,0,2,3,2.9,11,39,1
144,25,Premium,127.73,Cartão,0,2,0,2.7,9,29,0
145,60,Clássico,87.03,Pix,0,1,2,5.0,23,49,0
146,52,Degustação,52.4,Pix,1,1,0,4.0,4,46,1
147,3,Clássico,69.65,Pix,1,1,2,3.4,5,22,1
148,15,Premium,134.86,Pix,1,2,1,3.9,1,41,0
149,50,Clássico,63.9,Boleto,1,0,0,5.0,7,30,0
150,4,Premium,125.96,Cartão,0,2,3,4.0,48,30,0
151,52,Degustação,49.79,Cartão,0,1,0,2.2,17,59,0
152,17,Premium,127.26,Pix,1,0,0,5.0,7,39,0
153,56,Degustação,38.62,Cartão,1,1,0,2.7,1,36,1
154,18,Degustação,57.12,Cartão,1,1,0,3.7,3,39,0
155,27,Clássico,79.23,Cartão,1,0,1,,4,48,0
156,40,Degustação,48.75,Cartão,1,0,0,3.7,29,30,0
157,8,Degustação,42.3,Cartão,1,0,0,4.3,0,32,0
158,34,Degustação,40.32,Cartão,1,2,0,,8,45,1
159,31,Clássico,88.6,Boleto,0,0,0,4.0,2,21,1
160,48,Premium,121.09,Cartão,0,1,1,4.5,3,49,0
161,60,Degustação,46.8,Boleto,1,0,1,3.6,68,20,1
162,40,Clássico,79.3,Boleto,0,1,2,3.0,3,35,0
163,25,Premium,124.46,Cartão,1,3,0,,21,20,1
164,25,Degustação,33.3,Pix,0,0,0,3.9,29,26,0
165,26,Degustação,49.9,Pix,0,0,0,3.7,10,52,0
166,49,Premium,141.31,Pix,0,3,3,2.6,73,49,1
167,20,Premium,129.51,Cartão,0,2,1,3.9,7,51,0
168,11,Clássico,76.65,Cartão,0,1,0,4.2,5,22,0
169,21,Premium,121.98,Cartão,1,0,0,3.5,3,26,0
170,2,Degustação,38.33,Pix,0,2,0,3.0,6,42,1
171,7,Degustação,47.59,Boleto,0,0,0,4.2,12,46,1
172,6,Clássico,65.99,Pix,0,0,0,3.5,14,29,0
173,47,Degustação,41.35,Pix,1,1,2,4.0,6,32,0
174,44,Premium,126.8,Boleto,0,0,0,5.0,27,26,1
175,42,Clássico,82.17,Pix,0,2,1,3.6,0,56,0
176,28,Premium,117.82,Cartão,0,0,1,3.4,14,33,1
177,44,Clássico,83.63,Boleto,0,0,0,4.3,16,38,1
178,10,Degustação,43.15,Cartão,0,0,0,4.0,23,39,1
179,55,Degustação,39.7,Cartão,0,0,1,4.0,15,50,0
180,31,Degustação,43.87,Cartão,0,0,0,4.4,21,28,1
181,57,Premium,121.9,Boleto,1,3,1,3.8,3,51,0
182,10,Degustação,58.23,Cartão,1,0,0,4.1,7,24,0
183,30,Degustação,54.7,Cartão,0,3,3,,10,51,1
184,42,Degustação,47.48,Cartão,0,0,0,5.0,8,19,0
185,30,Degustação,44.82,Cartão,0,1,0,4.6,3,37,1
186,27,Premium,138.52,Cartão,0,0,0,4.6,11,56,1
187,10,Degustação,50.91,Pix,0,2,2,3.7,47,46,0
188,23,Premium,128.0,Boleto,0,0,0,3.5,10,43,0
189,15,Degustação,52.91,Cartão,1,2,1,4.3,3,26,1
190,19,Clássico,66.53,Cartão,0,1,0,3.9,6,30,0
191,42,Clássico,86.94,Cartão,0,1,0,3.5,8,53,0
192,38,Degustação,39.19,Cartão,1,1,1,3.7,1,43,0
193,37,Premium,142.24,Pix,0,0,0,3.5,3,48,0
194,22,Premium,128.33,Pix,1,0,1,4.7,22,39,0
195,58,Premium,128.75,Pix,1,0,0,4.5,4,35,0
196,6,Degustação,44.46,Cartão,0,0,0,4.2,50,46,0
197,21,Degustação,32.25,Pix,0,1,0,3.8,11,41,0
198,8,Clássico,84.36,Cartão,1,0,0,3.7,22,36,0
199,21,Degustação,52.86,Cartão,0,1,1,2.6,8,22,1
200,58,Clássico,86.93,Boleto,1,3,1,,57,48,1
201,22,Clássico,83.08,Pix,0,1,0,3.4,3,43,0
202,55,Clássico,83.58,Boleto,0,0,1,3.6,4,31,0
203,30,Premium,133.49,Boleto,0,1,0,,7,51,1
204,42,Clássico,82.65,Pix,0,0,0,4.6,2,41,0
205,28,Degustação,59.46,Boleto,0,0,0,4.0,5,41,0
206,16,Degustação,45.56,Cartão,0,4,1,3.9,4,48,1
207,46,Clássico,85.08,Cartão,1,0,0,3.6,9,45,0
208,59,Clássico,66.27,Cartão,1,2,0,3.5,2,41,0
209,16,Degustação,30.12,Cartão,0,1,1,3.8,10,36,0
210,47,Clássico,68.49,Cartão,0,0,0,4.8,4,60,0
211,16,Premium,110.29,Cartão,1,0,1,4.2,1,30,0
212,44,Premium,130.43,Pix,0,1,2,3.9,8,46,0
213,48,Clássico,73.85,Pix,0,2,0,2.6,15,37,1
214,27,Degustação,49.26,Pix,0,1,1,3.3,18,43,1
215,45,Degustação,38.67,Cartão,0,1,0,4.5,5,52,0
216,17,Clássico,78.09,Pix,0,1,1,2.6,14,35,1
217,5,Degustação,40.36,Cartão,0,2,5,4.4,2,45,1
218,6,Clássico,81.72,Cartão,0,0,3,4.4,5,41,0
219,27,Clássico,81.27,Cartão,1,0,0,3.7,7,31,0
220,55,Degustação,49.39,Cartão,0,2,1,3.1,12,52,0
221,8,Degustação,46.78,Cartão,0,1,0,5.0,26,46,0
222,28,Degustação,41.58,Pix,0,1,0,4.7,19,33,0
223,43,Premium,128.66,Pix,0,1,0,3.8,15,50,1
224,13,Clássico,86.82,Pix,0,0,0,4.2,17,29,0
225,44,Degustação,40.45,Cartão,0,1,1,3.5,18,38,0
226,19,Premium,139.4,Pix,1,2,0,3.7,2,33,1
227,49,Clássico,87.04,Pix,0,1,0,3.4,19,46,0
228,35,Clássico,72.89,Cartão,0,1,0,,5,33,0
229,33,Premium,135.75,Pix,1,0,0,5.0,1,46,0
230,11,Degustação,45.88,Cartão,0,0,1,4.0,13,45,0
231,28,Degustação,42.13,Cartão,0,0,0,3.5,12,34,0
232,52,Clássico,80.67,Cartão,0,3,2,2.5,26,58,0
233,2,Degustação,37.24,Cartão,0,2,0,3.7,7,30,0
234,46,Clássico,73.07,Cartão,0,1,0,,4,23,0
235,30,Degustação,42.67,Cartão,0,0,1,4.2,24,47,0
236,44,Degustação,47.38,Cartão,0,1,4,2.9,1,18,0
237,40,Degustação,43.75,Boleto,0,0,0,4.5,2,54,0
238,26,Clássico,77.68,Cartão,1,1,0,,10,39,0
239,19,Degustação,35.11,Cartão,1,3,0,3.4,0,22,0
240,38,Degustação,51.92,Cartão,0,1,0,3.6,7,28,0
241,9,Premium,121.06,Boleto,0,1,1,4.9,13,20,0
242,36,Degustação,30.0,Pix,0,2,0,3.7,5,42,0
243,6,Degustação,41.88,Boleto,1,2,1,4.8,21,23,1
244,39,Degustação,40.66,Cartão,1,0,0,,1,44,0
245,38,Degustação,46.04,Cartão,0,0,0,5.0,4,35,0
246,6,Degustação,48.93,Pix,1,0,1,4.0,8,33,1
247,46,Clássico,81.25,Cartão,0,1,1,4.1,14,44,0
248,25,Degustação,52.89,Pix,0,0,0,4.8,1,45,0
249,48,Premium,137.69,Boleto,0,0,1,4.6,25,51,0
250,3,Premium,127.16,Cartão,0,2,1,3.9,6,31,1
251,11,Degustação,40.01,Boleto,1,0,0,,33,38,1
252,30,Degustação,49.11,Pix,0,0,0,4.0,7,31,1
253,12,Degustação,46.37,Cartão,1,0,0,,12,40,0
254,20,Clássico,55.14,Cartão,0,0,0,4.9,19,29,0
255,40,Degustação,33.02,Cartão,0,0,1,3.7,4,33,0
256,9,Premium,122.67,Pix,0,0,0,3.7,13,33,0
257,41,Premium,130.38,Cartão,0,2,3,,10,41,0
258,7,Premium,127.58,Cartão,1,0,0,4.6,1,38,0
259,11,Clássico,95.88,Pix,1,0,1,3.5,20,44,0
260,36,Premium,139.77,Cartão,0,1,3,4.3,1,37,0
261,48,Degustação,58.3,Cartão,0,2,1,3.9,21,32,0
262,11,Clássico,82.96,Pix,0,0,1,3.8,3,40,0
263,18,Degustação,34.93,Cartão,0,1,0,4.8,17,28,1
264,56,Premium,131.38,Cartão,0,0,1,,13,44,0
265,60,Clássico,74.83,Cartão,0,0,0,5.0,33,35,0
266,35,Premium,130.44,Cartão,1,2,1,3.8,10,40,0
267,27,Degustação,47.94,Cartão,0,0,0,2.9,19,40,1
268,21,Premium,135.3,Pix,0,2,1,4.6,15,56,1
269,37,Clássico,92.49,Boleto,0,0,0,4.7,2,42,0
270,36,Clássico,76.57,Cartão,0,3,1,,12,39,1
271,18,Premium,136.65,Boleto,0,0,1,3.5,6,30,1
272,2,Degustação,47.73,Pix,0,1,0,2.9,9,47,0
273,10,Degustação,46.93,Pix,0,1,0,5.0,3,35,0
274,58,Clássico,79.93,Pix,0,3,2,2.8,1,21,1
275,26,Degustação,41.54,Pix,0,1,3,3.1,4,36,1
276,29,Degustação,50.79,Pix,0,0,0,4.3,14,40,0
277,29,Degustação,34.08,Cartão,1,0,2,,2,29,0
278,47,Degustação,44.54,Cartão,0,2,0,3.0,3,37,0
279,4,Premium,134.49,Cartão,1,0,0,4.7,31,37,0
280,5,Clássico,75.59,Cartão,1,0,0,4.4,59,37,1
281,17,Degustação,41.05,Pix,0,0,0,3.9,5,52,0
282,30,Clássico,90.56,Cartão,1,1,1,3.9,3,24,0
283,41,Clássico,78.27,Cartão,0,2,1,3.3,4,60,0
284,30,Clássico,80.05,Cartão,0,0,0,4.1,17,38,0
285,27,Premium,138.94,Cartão,0,2,0,3.1,0,44,0
286,57,Premium,133.26,Pix,0,0,1,3.8,14,39,0
287,10,Degustação,40.26,Pix,0,3,7,3.0,11,19,1
288,35,Degustação,48.0,Cartão,0,1,1,3.4,1,26,1
289,33,Clássico,87.43,Cartão,1,1,0,4.5,32,32,0
290,29,Clássico,83.1,Cartão,0,3,2,3.8,7,49,1
291,49,Clássico,78.62,Cartão,0,3,0,2.8,5,23,1
292,17,Clássico,86.77,Pix,0,0,1,3.4,4,29,0
293,58,Clássico,96.77,Pix,0,0,0,4.0,12,40,0
294,20,Degustação,52.54,Cartão,0,3,4,,39,43,1
295,33,Degustação,42.6,Cartão,1,1,0,3.2,14,43,1
296,32,Degustação,50.46,Boleto,1,1,2,3.8,6,27,1
297,51,Degustação,45.35,Pix,0,3,1,3.4,11,20,1
298,27,Degustação,38.75,Cartão,0,1,0,3.8,3,44,0
299,18,Clássico,81.22,Cartão,0,0,0,3.8,29,54,0
300,2,Degustação,43.19,Cartão,0,1,0,4.5,55,34,1
301,22,Degustação,42.9,Boleto,0,2,1,3.9,10,25,1
302,50,Clássico,79.82,Cartão,0,2,4,4.1,4,33,0
303,1,Premium,130.17,Cartão,1,2,0,4.0,2,42,1
304,54,Degustação,40.12,Boleto,0,0,1,4.6,61,35,0
305,33,Premium,137.67,Pix,0,2,0,4.6,27,53,0
306,9,Premium,128.36,Cartão,0,0,0,4.9,31,48,0
307,19,Clássico,80.19,Cartão,0,0,1,5.0,0,40,0
308,34,Clássico,88.17,Cartão,0,1,1,4.6,9,18,0
309,19,Degustação,48.0,Pix,1,2,1,3.2,14,30,1
310,7,Premium,129.23,Cartão,0,0,1,4.6,28,32,1
311,40,Degustação,46.64,Boleto,0,0,0,4.5,21,30,1
312,41,Premium,141.05,Boleto,1,0,0,5.0,3,40,0
313,8,Clássico,74.81,Cartão,0,2,2,3.0,18,40,1
314,17,Degustação,33.87,Pix,0,1,0,4.2,8,20,0
315,15,Degustação,33.44,Cartão,0,0,0,,30,47,1
316,40,Clássico,77.05,Cartão,0,3,0,3.7,3,38,1
317,44,Clássico,68.24,Pix,0,1,0,3.7,22,42,0
318,44,Degustação,47.97,Cartão,0,3,0,3.6,0,46,0
319,57,Clássico,70.71,Cartão,0,1,0,3.0,14,30,1
320,47,Premium,140.35,Cartão,0,0,2,4.6,58,52,1
321,20,Clássico,75.38,Cartão,0,1,1,4.0,30,36,0
322,7,Clássico,78.61,Cartão,1,1,0,3.9,0,55,0
323,37,Degustação,39.29,Pix,0,1,1,5.0,40,28,0
324,55,Premium,128.94,Pix,0,1,3,3.6,12,54,1
325,59,Degustação,47.11,Pix,1,0,1,4.3,2,28,0
326,14,Premium,125.83,Pix,0,5,0,2.9,3,66,1
327,15,Degustação,50.47,Cartão,0,1,0,4.0,10,28,1
328,3,Clássico,91.38,Pix,1,2,0,4.9,3,50,1
329,9,Degustação,36.1,Cartão,0,0,1,4.1,29,34,1
330,34,Degustação,35.12,Cartão,0,0,0,3.8,15,46,0
331,33,Premium,139.24,Boleto,0,0,1,5.0,34,38,0
332,23,Clássico,82.75,Cartão,0,1,0,3.7,12,26,0
333,19,Clássico,72.62,Cartão,1,0,0,3.1,17,18,1
334,50,Premium,134.6,Cartão,0,0,0,3.7,4,66,0
335,28,Premium,131.21,Cartão,0,1,1,3.1,4,39,0
336,49,Premium,126.75,Cartão,0,1,1,2.8,4,18,0
337,58,Degustação,56.72,Cartão,0,1,1,3.6,2,41,0
338,20,Clássico,73.9,Boleto,1,1,1,3.8,2,46,1
339,13,Premium,131.32,Cartão,1,1,0,4.6,15,30,0
340,58,Degustação,47.46,Cartão,0,1,2,4.2,2,30,0
341,39,Degustação,42.07,Cartão,1,1,0,4.2,4,38,0
342,18,Premium,128.85,Pix,0,1,0,3.3,13,51,0
343,38,Clássico,88.62,Cartão,0,1,2,4.4,1,39,0
344,31,Clássico,86.89,Cartão,1,0,0,,6,54,0
345,55,Premium,124.35,Cartão,0,0,0,4.3,1,50,0
346,16,Clássico,79.2,Pix,0,0,0,4.4,11,35,0
347,60,Clássico,75.9,Pix,1,2,1,2.8,0,21,0
348,57,Degustação,38.46,Pix,0,1,2,4.5,0,36,1
349,11,Clássico,86.87,Pix,1,1,2,,11,44,1
350,10,Degustação,41.43,Cartão,0,0,0,4.3,20,39,1
351,32,Premium,129.9,Cartão,0,1,0,3.5,1,45,0
352,3,Premium,130.86,Cartão,0,0,0,,17,47,0
353,18,Degustação,36.67,Cartão,0,0,1,3.8,15,44,0
354,27,Degustação,51.18,Cartão,0,1,0,3.6,3,35,0
355,59,Premium,126.37,Cartão,0,1,1,4.2,5,44,0
356,60,Degustação,39.56,Cartão,1,0,1,4.3,21,63,0
357,10,Clássico,72.05,Pix,1,0,1,4.7,50,22,0
358,54,Clássico,81.74,Cartão,1,1,1,4.1,17,43,0
359,6,Clássico,94.91,Pix,0,1,0,,12,58,1
360,45,Degustação,52.65,Pix,0,0,1,3.8,24,25,0
361,51,Clássico,80.44,Cartão,1,1,0,3.5,11,49,0
362,54,Degustação,42.2,Cartão,0,1,0,3.7,5,50,0
363,14,Clássico,73.57,Pix,0,3,1,4.4,14,22,0
364,54,Degustação,37.7,Pix,1,1,2,5.0,21,46,0
365,7,Clássico,81.87,Cartão,1,2,2,4.1,0,35,1
366,32,Clássico,75.71,Cartão,0,2,4,3.7,18,37,1
367,29,Degustação,42.02,Pix,1,1,1,3.0,23,34,0
368,19,Degustação,30.0,Pix,0,0,0,4.2,13,52,0
369,2,Degustação,44.15,Cartão,0,0,0,3.6,27,37,0
370,47,Degustação,43.81,Cartão,0,1,1,4.8,23,33,0
371,21,Degustação,50.77,Boleto,0,1,1,,15,33,1
372,40,Premium,135.33,Cartão,1,0,2,4.3,6,34,0
373,25,Clássico,69.24,Boleto,0,1,2,3.3,0,26,0
374,23,Premium,138.02,Cartão,0,1,0,3.8,19,33,0
375,54,Premium,135.79,Cartão,0,2,0,4.0,3,39,0
376,6,Degustação,31.8,Cartão,0,0,0,4.7,15,42,0
377,45,Clássico,83.91,Cartão,1,0,0,4.1,24,51,0
378,45,Premium,127.07,Boleto,0,2,2,4.1,6,41,0
379,23,Clássico,86.82,Cartão,0,0,0,3.7,2,33,0
380,16,Clássico,76.82,Boleto,0,1,3,4.0,5,27,0
381,1,Clássico,76.36,Cartão,0,2,0,4.2,15,41,0
382,57,Degustação,53.13,Boleto,0,1,0,4.0,4,37,0
383,57,Clássico,72.27,Boleto,0,0,0,3.8,2,37,0
384,15,Premium,134.29,Pix,0,3,2,3.2,3,41,1
385,2,Premium,129.55,Cartão,1,0,0,4.7,19,44,0
386,8,Degustação,50.74,Pix,0,1,0,,5,41,0
387,5,Clássico,77.95,Cartão,0,0,0,3.5,7,36,1
388,50,Degustação,53.76,Boleto,0,1,1,4.2,4,29,0
389,54,Premium,120.35,Cartão,0,1,0,3.6,15,31,0
390,10,Degustação,44.63,Cartão,1,1,1,3.0,14,47,1
391,45,Premium,133.71,Cartão,0,0,0,,2,33,0
392,11,Premium,130.02,Pix,1,0,1,3.4,4,23,0
393,23,Degustação,52.1,Boleto,1,1,0,3.7,0,51,0
394,36,Degustação,34.7,Cartão,0,1,1,3.5,12,28,0
395,44,Premium,147.15,Pix,1,2,0,3.4,23,38,0
396,53,Degustação,49.99,Boleto,0,1,0,3.3,20,43,0
397,3,Clássico,75.06,Cartão,0,0,0,,12,38,0
398,12,Premium,139.2,Cartão,0,2,1,,11,18,1
399,17,Clássico,71.92,Pix,1,1,2,4.4,49,42,0
400,19,Degustação,39.6,Pix,1,1,0,3.5,1,53,0
401,60,Clássico,92.25,Cartão,0,2,0,,4,47,0
402,47,Degustação,33.44,Pix,0,1,0,2.7,19,18,0
403,20,Premium,133.98,Cartão,0,0,0,3.1,17,61,1
404,59,Degustação,37.13,Boleto,0,1,1,4.9,9,23,0
405,30,Degustação,45.04,Boleto,1,1,1,4.1,5,26,0
406,31,Degustação,39.23,Pix,0,1,1,4.1,13,47,0
407,27,Premium,130.74,Cartão,0,2,0,,15,43,1
408,9,Degustação,47.63,Cartão,1,2,2,3.9,5,39,1
409,57,Premium,130.15,Cartão,0,0,1,4.3,14,32,0
410,1,Clássico,82.27,Cartão,1,2,0,3.0,10,53,1
411,11,Premium,121.97,Pix,1,1,0,4.3,11,38,0
412,14,Premium,116.83,Cartão,0,0,0,4.5,6,21,0
413,17,Premium,122.89,Cartão,0,1,1,4.7,17,52,1
414,8,Premium,128.67,Cartão,0,0,1,5.0,10,40,1
415,2,Degustação,32.34,Cartão,0,1,2,4.0,3,50,1
416,41,Premium,114.26,Cartão,0,0,0,3.4,8,44,0
417,59,Clássico,83.01,Pix,0,1,1,4.9,5,64,0
418,8,Clássico,85.18,Pix,0,2,0,3.0,0,35,0
419,18,Premium,125.19,Cartão,1,0,0,,17,38,0
420,31,Premium,127.27,Boleto,0,1,0,3.7,4,46,1
421,56,Clássico,84.4,Boleto,0,0,0,3.8,5,35,0
422,42,Clássico,76.11,Cartão,0,2,2,,2,47,0
423,46,Clássico,80.91,Pix,0,0,0,4.2,5,18,0
424,35,Degustação,30.11,Cartão,0,0,0,4.4,8,37,0
425,26,Degustação,54.61,Cartão,0,1,0,,11,37,0
426,12,Degustação,51.33,Cartão,1,1,1,3.7,11,36,1
427,52,Degustação,37.65,Cartão,0,0,0,3.6,13,28,0
428,49,Degustação,44.98,Boleto,1,2,0,3.5,2,48,0
429,2,Premium,127.49,Boleto,0,0,2,4.0,13,32,1
430,43,Clássico,77.12,Pix,0,0,0,5.0,17,40,0
431,6,Premium,124.37,Pix,0,0,0,3.9,5,38,1
432,45,Clássico,82.07,Pix,0,1,2,2.6,6,44,0
433,50,Degustação,52.14,Boleto,0,4,4,3.9,22,54,1
434,8,Degustação,47.93,Cartão,0,0,0,4.4,16,40,1
435,27,Degustação,46.04,Cartão,1,0,1,4.0,49,47,1
436,8,Premium,126.61,Pix,1,1,0,3.6,18,40,1
437,35,Degustação,52.67,Cartão,0,0,0,3.5,0,32,0
438,56,Clássico,81.39,Cartão,0,0,1,5.0,2,36,0
439,5,Premium,141.07,Cartão,1,0,0,4.1,16,35,1
440,24,Premium,133.64,Pix,0,2,1,2.6,1,44,1
441,59,Degustação,39.89,Cartão,0,1,4,4.0,2,39,0
442,19,Degustação,45.22,Cartão,0,0,0,4.8,5,29,0
443,8,Degustação,44.88,Cartão,1,0,0,4.2,14,36,1
444,30,Degustação,43.09,Cartão,0,1,1,,16,21,0
445,31,Degustação,42.27,Boleto,1,0,1,3.5,5,36,0
446,40,Clássico,76.32,Cartão,1,1,0,3.3,5,38,1
447,19,Premium,125.08,Pix,0,0,0,5.0,0,58,0
448,58,Clássico,69.69,Pix,0,2,4,,19,53,1
449,32,Clássico,80.02,Cartão,1,1,0,2.8,1,27,1
450,18,Degustação,45.51,Pix,1,2,1,3.8,11,40,0
451,58,Premium,128.52,Pix,0,0,0,4.2,5,40,0
452,56,Clássico,77.57,Pix,0,1,0,,23,35,0
453,30,Premium,128.8,Cartão,1,1,1,3.2,3,36,1
454,2,Premium,123.62,Cartão,1,3,0,2.7,20,34,1
455,36,Degustação,45.24,Boleto,0,1,1,4.5,4,59,0
456,34,Degustação,37.66,Pix,1,1,1,4.0,22,33,1
457,9,Degustação,50.61,Boleto,0,2,0,3.9,7,42,1
458,39,Clássico,65.77,Boleto,0,0,0,4.2,5,18,0
459,51,Premium,123.62,Cartão,0,0,2,4.3,0,47,0
460,7,Degustação,38.17,Pix,0,1,3,3.6,4,51,0
461,44,Premium,136.07,Cartão,0,1,1,3.7,1,26,0
462,9,Clássico,82.55,Pix,1,1,0,4.5,13,32,1
463,45,Degustação,43.47,Cartão,0,0,0,4.9,12,43,0
464,26,Degustação,42.93,Cartão,1,1,0,3.1,7,38,0
465,1,Clássico,85.76,Pix,0,0,0,4.0,3,43,0
466,58,Clássico,96.7,Pix,1,0,1,,3,35,0
467,10,Clássico,76.26,Pix,0,0,0,5.0,51,58,1
468,36,Degustação,47.51,Cartão,1,1,1,4.9,20,31,0
469,11,Clássico,75.23,Cartão,0,0,1,,15,68,0
470,56,Degustação,30.17,Boleto,0,1,4,4.6,4,52,0
471,45,Premium,126.06,Cartão,1,1,2,3.9,4,47,1
472,49,Degustação,51.24,Cartão,0,1,1,4.5,5,27,1
473,26,Degustação,40.26,Pix,1,0,0,4.6,33,48,0
474,29,Clássico,71.23,Cartão,0,2,2,2.8,10,45,0
475,39,Clássico,80.46,Pix,0,1,0,4.2,5,18,0
476,48,Clássico,80.42,Cartão,0,2,2,4.2,1,23,0
477,51,Clássico,73.32,Pix,0,0,0,4.1,19,42,0
478,2,Premium,121.34,Boleto,0,0,0,4.0,14,37,1
479,40,Clássico,77.78,Boleto,0,1,3,2.9,12,32,1
480,7,Clássico,65.15,Pix,0,0,0,,6,50,1
481,18,Clássico,85.48,Cartão,0,2,2,3.7,6,28,0
482,50,Degustação,53.54,Pix,0,2,0,3.0,7,33,0
483,16,Clássico,73.61,Pix,0,0,0,,22,31,0
484,48,Degustação,41.65,Pix,1,0,1,4.2,0,44,0
485,28,Clássico,78.76,Pix,0,1,2,3.5,2,19,0
486,14,Degustação,44.66,Pix,1,1,0,3.9,24,33,1
487,21,Premium,128.7,Pix,0,5,3,1.8,5,19,1
488,32,Clássico,69.01,Pix,0,0,0,,3,35,0
489,46,Premium,129.83,Cartão,0,4,0,3.1,8,46,0
490,37,Clássico,74.92,Cartão,1,4,0,2.4,1,46,0
491,56,Degustação,58.4,Pix,1,1,0,2.4,8,30,0
492,53,Premium,115.19,Cartão,0,1,0,4.5,9,44,0
493,46,Clássico,77.04,Boleto,0,0,1,,9,36,0
494,37,Premium,128.71,Pix,0,0,0,4.2,3,53,0
495,18,Clássico,78.92,Cartão,0,1,1,4.4,10,37,0
496,25,Clássico,82.36,Pix,1,3,1,3.9,21,18,0
497,8,Premium,135.08,Pix,0,0,0,4.2,32,48,0
498,23,Clássico,89.07,Pix,0,2,2,3.4,0,33,0
499,56,Degustação,43.06,Cartão,1,2,3,3.3,12,35,1
500,26,Clássico,84.13,Boleto,0,3,3,3.6,20,42,1
501,7,Clássico,85.74,Cartão,1,0,0,4.9,1,22,0
502,40,Premium,132.16,Pix,1,0,0,4.0,15,39,0
503,58,Degustação,53.67,Cartão,1,2,2,4.5,26,44,0
504,53,Clássico,89.12,Pix,0,1,2,4.1,3,42,0
505,17,Premium,144.61,Pix,0,0,0,,16,31,1
506,28,Clássico,82.99,Pix,1,1,1,5.0,41,49,0
507,32,Clássico,78.74,Cartão,0,0,2,5.0,4,27,0
508,15,Clássico,86.06,Pix,0,1,3,4.9,1,31,0
509,17,Degustação,45.27,Pix,0,3,2,2.9,8,37,0
510,15,Clássico,86.51,Cartão,1,0,0,5.0,19,41,0
511,60,Degustação,47.91,Boleto,1,1,1,3.8,1,34,0
512,45,Degustação,45.49,Pix,1,0,1,4.0,18,52,0
513,51,Clássico,83.54,Boleto,0,1,1,2.6,39,41,1
514,49,Clássico,68.82,Boleto,0,1,1,4.0,52,39,1
515,58,Premium,137.76,Boleto,1,1,0,3.2,27,41,0
516,7,Degustação,50.93,Pix,0,1,0,4.1,21,46,1
517,53,Degustação,40.2,Pix,1,2,0,,2,41,1
518,4,Premium,139.14,Cartão,1,2,0,4.7,14,18,1
519,29,Degustação,38.11,Cartão,0,1,1,,3,50,0
520,36,Degustação,40.53,Pix,1,4,4,4.5,12,39,0
521,22,Degustação,45.7,Cartão,1,1,0,3.2,4,46,0
522,9,Clássico,73.11,Boleto,0,2,4,4.5,3,34,0
523,12,Premium,148.6,Cartão,0,0,0,3.0,43,18,0
524,50,Premium,134.31,Cartão,0,2,2,3.7,11,18,0
525,20,Clássico,77.08,Cartão,0,0,0,3.7,10,28,0
526,19,Degustação,43.45,Cartão,0,0,0,3.8,13,44,0
527,56,Degustação,49.97,Cartão,0,1,0,,17,52,0
528,9,Clássico,84.46,Cartão,0,2,2,3.1,3,41,1
529,55,Degustação,54.13,Pix,0,0,0,3.3,15,26,0
530,56,Degustação,38.17,Cartão,1,2,0,3.3,23,29,0
531,36,Degustação,39.86,Cartão,0,0,0,4.2,3,53,0
532,10,Degustação,34.95,Cartão,1,0,0,4.8,15,24,0
533,10,Clássico,78.85,Cartão,0,2,5,3.8,7,61,0
534,18,Clássico,86.96,Cartão,0,1,1,4.5,9,59,0
535,35,Degustação,59.21,Pix,0,1,1,3.0,4,61,0
536,10,Clássico,88.21,Pix,0,2,0,3.3,5,42,0
537,28,Premium,130.14,Cartão,0,1,0,4.3,3,34,0
538,7,Clássico,87.39,Pix,1,0,0,4.3,2,42,0
539,33,Premium,135.82,Cartão,0,0,1,,15,48,1
540,2,Clássico,87.44,Cartão,1,0,0,4.7,8,31,1
541,43,Premium,125.09,Boleto,0,1,0,3.5,1,26,0
542,4,Degustação,47.13,Cartão,0,1,1,3.4,5,35,0
543,12,Degustação,48.36,Boleto,0,1,0,4.1,11,30,0
544,11,Degustação,35.62,Cartão,0,1,1,3.9,5,52,0
545,50,Clássico,71.74,Cartão,1,0,1,3.8,35,31,1
546,4,Degustação,44.99,Cartão,1,2,2,3.3,20,39,1
547,26,Degustação,48.56,Cartão,0,0,1,3.5,27,49,0
548,36,Premium,129.75,Boleto,1,0,1,3.9,17,52,0
549,31,Degustação,43.23,Cartão,0,2,1,4.3,8,40,0
550,41,Degustação,52.53,Boleto,0,0,0,4.2,12,42,0
551,49,Degustação,61.18,Boleto,0,0,1,4.7,13,27,0
552,24,Clássico,82.38,Pix,1,2,0,3.9,6,49,0
553,50,Degustação,38.37,Cartão,1,2,1,3.2,5,52,1
554,20,Degustação,37.85,Cartão,0,0,0,3.1,3,18,1
555,60,Degustação,38.86,Cartão,0,1,1,,22,57,0
556,31,Premium,124.47,Pix,0,2,1,3.2,5,30,0
557,45,Premium,131.79,Cartão,0,1,0,3.4,5,45,0
558,53,Clássico,74.75,Boleto,0,1,0,4.4,12,39,0
559,48,Clássico,67.46,Pix,1,1,2,,2,37,0
560,52,Premium,124.44,Cartão,0,3,5,4.7,5,36,1
561,33,Premium,124.19,Pix,0,0,2,3.6,12,27,1
562,3,Clássico,76.99,Cartão,0,1,2,4.8,24,44,0
563,30,Premium,131.89,Boleto,0,0,1,5.0,0,35,0
564,11,Premium,128.04,Cartão,0,1,2,3.7,17,24,0
565,54,Premium,115.51,Boleto,0,0,0,4.4,4,27,0
566,15,Clássico,88.27,Pix,1,0,0,4.8,24,24,0
567,14,Degustação,56.24,Boleto,1,0,1,4.1,3,32,0
568,15,Degustação,52.3,Cartão,0,0,1,4.0,13,43,0
569,39,Clássico,82.23,Pix,0,1,1,3.5,14,30,0
570,35,Clássico,93.12,Cartão,0,0,0,2.7,14,49,1
571,57,Clássico,80.24,Pix,0,0,1,4.1,13,37,0
572,25,Clássico,96.13,Cartão,0,1,2,3.4,17,35,1
573,17,Clássico,80.24,Cartão,1,1,1,3.2,19,38,1
574,3,Premium,118.81,Cartão,0,2,1,3.9,14,53,1
575,1,Degustação,44.05,Cartão,1,2,0,2.7,10,23,0
576,23,Degustação,45.26,Cartão,0,0,0,4.6,6,56,1
577,56,Premium,120.97,Pix,0,0,0,,7,49,0
578,32,Premium,122.82,Cartão,1,0,0,3.9,1,38,0
579,54,Premium,131.9,Pix,0,1,1,3.8,5,51,0
580,7,Premium,130.53,Cartão,0,0,0,3.4,11,34,1
581,6,Premium,136.46,Pix,0,0,1,4.6,12,41,0
582,51,Degustação,39.28,Pix,1,3,0,3.5,21,32,0
583,7,Clássico,79.16,Cartão,1,0,2,,1,49,1
584,4,Degustação,51.23,Pix,0,2,1,3.9,25,30,1
585,25,Clássico,70.04,Boleto,0,1,1,3.5,6,37,1
586,56,Premium,134.27,Pix,0,2,1,2.7,5,45,0
587,42,Degustação,42.34,Cartão,1,1,1,4.4,10,50,0
588,6,Clássico,86.77,Cartão,0,0,0,4.5,36,29,0
589,51,Degustação,43.18,Pix,0,1,0,3.5,6,46,0
590,51,Degustação,49.26,Cartão,1,0,1,4.3,12,27,0
591,49,Degustação,43.68,Pix,0,0,0,4.9,29,18,0
592,55,Degustação,43.36,Cartão,0,1,0,4.5,0,30,0
593,15,Premium,136.5,Pix,0,1,1,3.5,7,47,1
594,59,Clássico,75.49,Cartão,0,3,2,,6,38,0
595,20,Premium,133.26,Cartão,1,3,1,2.6,15,32,0
596,49,Clássico,74.47,Boleto,0,0,0,3.9,24,39,0
597,35,Degustação,45.07,Boleto,1,1,0,4.7,11,38,0
598,47,Degustação,50.57,Boleto,0,0,1,3.7,44,45,0
599,38,Premium,130.47,Boleto,0,1,0,3.5,32,20,1
600,39,Degustação,56.53,Cartão,0,1,1,3.5,12,37,1
601,37,Premium,136.7,Cartão,0,0,0,3.8,8,39,0
602,47,Degustação,49.1,Cartão,0,0,0,4.1,4,23,0
603,45,Clássico,87.97,Cartão,1,0,0,3.3,0,23,0
604,9,Premium,135.44,Cartão,0,2,0,4.3,10,34,0
605,50,Degustação,50.62,Boleto,0,2,3,3.5,23,38,1
606,33,Degustação,43.6,Cartão,0,0,1,5.0,2,38,0
607,20,Premium,131.63,Cartão,0,0,0,3.4,7,32,1
608,31,Degustação,40.05,Cartão,0,2,1,4.6,1,31,1
609,59,Clássico,87.11,Cartão,0,1,0,4.7,22,34,0
610,52,Clássico,86.92,Cartão,0,1,2,3.6,17,41,0
611,51,Degustação,49.58,Pix,0,1,0,,1,52,0
612,28,Premium,137.9,Cartão,0,0,0,3.5,0,18,0
613,48,Premium,112.58,Pix,1,1,1,3.3,3,45,0
614,24,Degustação,46.2,Boleto,0,2,1,3.6,26,37,1
615,42,Premium,126.97,Pix,0,0,2,,35,44,0
616,39,Degustação,35.04,Pix,0,3,1,2.4,5,51,1
617,15,Degustação,42.7,Cartão,0,2,1,5.0,14,30,0
618,16,Clássico,76.46,Cartão,0,0,0,3.9,17,48,0
619,4,Premium,126.86,Cartão,0,0,0,4.1,9,24,1
620,9,Degustação,44.42,Boleto,0,2,3,3.2,4,39,1
621,27,Degustação,41.43,Pix,1,1,0,3.7,2,35,0
622,29,Clássico,78.64,Cartão,0,0,0,,9,39,0
623,10,Premium,137.07,Cartão,0,0,0,4.1,8,27,0
624,26,Degustação,55.37,Pix,0,0,0,4.1,2,43,0
625,37,Degustação,48.36,Pix,0,0,0,4.6,26,55,0
626,14,Clássico,78.58,Pix,0,0,0,4.2,1,27,0
627,21,Degustação,54.61,Boleto,0,0,1,4.5,0,40,0
628,23,Degustação,46.84,Pix,0,3,2,3.3,1,47,1
629,31,Degustação,45.57,Pix,1,1,2,4.0,18,35,1
630,22,Clássico,84.48,Cartão,0,2,2,3.5,2,53,1
631,45,Clássico,89.87,Cartão,1,0,0,4.7,1,33,0
632,20,Premium,140.0,Boleto,0,5,2,3.0,0,37,1
633,27,Clássico,81.58,Pix,0,1,2,3.8,0,27,0
634,23,Clássico,92.82,Cartão,0,1,0,3.7,7,39,0
635,11,Premium,118.85,Pix,0,2,2,3.5,4,38,1
636,42,Clássico,85.28,Cartão,0,0,0,4.1,25,45,0
637,15,Clássico,77.36,Pix,0,1,1,3.8,4,31,0
638,18,Premium,138.88,Cartão,0,1,0,3.5,7,30,0
639,48,Degustação,38.44,Pix,1,1,0,4.3,26,43,1
640,57,Clássico,84.8,Cartão,1,0,0,4.6,9,53,0
641,41,Premium,120.8,Cartão,0,1,2,4.9,13,45,0
642,55,Degustação,45.08,Cartão,0,0,1,,35,58,0
643,52,Clássico,90.94,Pix,0,0,0,4.5,11,44,0
644,29,Degustação,45.09,Cartão,1,1,0,2.7,3,44,0
645,47,Degustação,35.43,Cartão,1,0,1,4.6,2,45,0
646,20,Clássico,92.99,Pix,0,2,2,,1,54,0
647,28,Degustação,41.22,Cartão,0,0,0,3.5,1,52,0
648,33,Premium,121.01,Cartão,1,1,1,4.0,13,26,0
649,58,Premium,127.36,Cartão,1,1,2,3.5,7,47,1
650,51,Premium,126.77,Boleto,1,0,0,3.6,1,41,0
651,30,Degustação,42.74,Cartão,0,0,0,3.8,4,36,0
652,40,Degustação,47.89,Cartão,0,1,2,4.3,7,18,0
653,13,Degustação,48.23,Cartão,0,0,1,3.5,6,21,0
654,49,Degustação,40.93,Cartão,0,1,0,3.8,9,34,0
655,34,Premium,118.09,Cartão,0,0,2,,1,22,0
656,32,Clássico,87.31,Cartão,0,2,4,,38,34,1
657,46,Degustação,48.28,Cartão,0,2,0,4.1,21,46,0
658,38,Premium,133.55,Cartão,0,0,0,3.0,12,32,0
659,5,Degustação,43.73,Boleto,0,0,0,,18,39,1
660,18,Degustação,30.0,Cartão,0,0,0,3.7,48,26,0
661,11,Degustação,41.61,Cartão,0,3,1,3.5,6,41,1
662,45,Clássico,79.18,Boleto,0,1,1,3.3,1,44,0
663,3,Premium,133.76,Boleto,1,1,0,4.1,7,22,0
664,13,Degustação,52.55,Pix,0,2,0,5.0,8,30,0
665,36,Premium,136.38,Cartão,0,1,2,3.9,17,24,0
666,42,Premium,125.97,Cartão,0,1,1,3.6,1,44,0
667,31,Premium,128.72,Cartão,1,0,0,4.0,30,40,0
668,52,Degustação,33.23,Cartão,0,1,1,3.0,15,37,0
669,56,Degustação,45.79,Cartão,0,1,1,4.7,18,37,0
670,8,Premium,128.79,Pix,0,2,1,,9,42,0
671,58,Degustação,56.1,Cartão,0,0,0,3.5,2,42,0
672,37,Clássico,77.48,Pix,1,1,1,3.2,5,33,0
673,39,Premium,140.82,Cartão,1,1,0,3.9,2,31,0
674,6,Degustação,39.68,Cartão,0,0,0,4.7,14,37,0
675,38,Premium,109.16,Pix,1,2,1,,10,36,0
676,44,Premium,122.3,Boleto,0,0,1,4.8,11,61,0
677,35,Clássico,83.03,Cartão,0,0,0,4.0,9,34,0
678,6,Clássico,90.72,Pix,0,0,0,3.5,30,41,0
679,32,Premium,129.04,Cartão,1,3,1,3.1,13,43,1
680,57,Clássico,82.04,Cartão,0,2,3,4.6,37,53,0
681,44,Clássico,82.18,Pix,0,0,0,3.3,0,29,0
682,9,Premium,121.4,Cartão,1,1,0,3.4,12,53,1
683,58,Clássico,79.36,Cartão,1,0,1,4.7,0,36,0
684,58,Degustação,45.02,Cartão,0,2,0,3.7,4,66,0
685,11,Degustação,35.87,Cartão,1,2,2,3.1,16,42,1
686,49,Degustação,56.39,Cartão,1,1,1,4.4,34,24,0
687,25,Clássico,76.7,Cartão,0,0,1,4.7,19,36,0
688,36,Clássico,77.87,Boleto,0,1,1,4.0,61,53,1
689,27,Clássico,79.95,Pix,1,0,0,3.7,16,39,0
690,47,Degustação,44.42,Cartão,0,0,1,3.8,26,37,0
691,60,Premium,127.19,Cartão,0,1,0,4.0,15,46,0
692,48,Premium,128.12,Pix,0,2,0,2.8,48,34,0
693,56,Degustação,45.33,Cartão,0,1,1,4.6,30,36,0
694,57,Clássico,91.03,Cartão,1,1,0,4.9,14,28,0
695,6,Clássico,77.32,Pix,1,0,0,4.0,13,57,1
696,16,Clássico,79.37,Cartão,0,0,0,,4,25,0
697,44,Degustação,54.48,Cartão,0,0,2,4.8,8,40,1
698,36,Premium,124.4,Cartão,0,2,1,4.8,5,43,0
699,4,Premium,129.45,Cartão,0,1,2,4.8,3,38,0
700,6,Clássico,72.94,Cartão,0,1,1,2.8,12,24,1
701,32,Premium,133.4,Boleto,0,1,1,3.7,2,27,0
702,37,Premium,127.35,Cartão,0,1,1,4.2,18,44,0
703,11,Degustação,49.63,Pix,0,3,0,3.1,19,29,0
704,11,Clássico,84.02,Pix,0,0,0,,9,18,0
705,8,Clássico,88.57,Cartão,0,3,3,4.3,1,42,1
706,34,Premium,125.83,Cartão,0,0,1,3.6,26,28,0
707,1,Degustação,38.87,Cartão,0,3,3,3.3,0,45,1
708,35,Clássico,90.37,Pix,0,1,1,3.4,10,36,1
709,29,Premium,127.84,Cartão,0,0,0,4.0,2,35,0
710,28,Degustação,40.47,Pix,0,0,0,,1,39,0
711,41,Premium,128.95,Boleto,0,3,4,3.9,9,25,1
712,32,Degustação,48.46,Pix,1,0,0,3.6,1,29,0
713,44,Premium,116.82,Boleto,0,0,0,2.5,30,35,0
714,46,Premium,132.23,Pix,0,3,0,2.4,37,25,1
715,56,Degustação,40.63,Boleto,0,2,0,3.0,24,46,0
716,48,Premium,125.84,Pix,1,2,1,3.2,14,35,0
717,32,Degustação,30.18,Pix,0,0,0,4.2,2,22,0
718,30,Clássico,80.42,Pix,0,3,1,2.7,37,32,1
719,15,Clássico,83.02,Boleto,1,1,0,3.1,3,39,1
720,36,Premium,137.83,Cartão,0,1,0,,4,33,0
721,9,Degustação,44.63,Pix,0,1,0,3.2,11,42,1
722,56,Degustação,34.64,Cartão,1,0,0,3.8,7,44,0
723,51,Clássico,77.93,Boleto,1,1,3,3.5,19,64,0
724,8,Clássico,82.7,Cartão,0,0,1,4.5,16,51,0
725,48,Clássico,81.2,Pix,0,1,1,,15,20,0
726,8,Degustação,56.31,Pix,0,0,0,3.9,37,34,0
727,44,Degustação,46.24,Boleto,1,2,1,3.3,21,35,0
728,6,Premium,133.14,Cartão,1,0,1,4.6,3,44,0
729,30,Degustação,38.66,Pix,0,1,2,3.8,26,28,1
730,40,Degustação,40.11,Pix,1,0,0,4.7,19,32,0
731,44,Premium,137.19,Boleto,0,3,1,2.7,1,24,0
732,26,Degustação,31.77,Boleto,1,2,4,3.6,31,31,1
733,56,Clássico,79.41,Pix,0,2,1,3.3,9,32,0
734,47,Degustação,37.3,Pix,0,0,0,3.4,13,35,0
735,13,Premium,121.92,Cartão,0,1,0,3.8,2,25,1
736,41,Clássico,79.96,Boleto,1,0,0,5.0,43,49,0
737,44,Premium,126.4,Cartão,0,1,2,,5,43,0
738,21,Degustação,52.11,Pix,0,1,1,3.8,9,22,1
739,45,Clássico,82.16,Pix,0,0,0,3.3,11,38,0
740,54,Premium,120.3,Cartão,1,0,2,3.2,11,21,1
741,50,Degustação,60.62,Cartão,1,1,0,,4,53,1
742,46,Degustação,50.08,Cartão,0,0,2,3.8,1,56,0
743,39,Degustação,44.36,Boleto,0,1,0,,15,37,0
744,17,Premium,124.06,Cartão,0,0,0,4.0,2,29,1
745,48,Clássico,76.94,Cartão,0,2,3,2.6,6,31,1
746,22,Clássico,77.3,Pix,0,2,2,3.2,20,33,1
747,32,Clássico,90.95,Cartão,0,2,0,3.9,9,37,0
748,19,Clássico,97.97,Boleto,0,1,0,3.0,3,53,0
749,19,Clássico,70.57,Cartão,1,2,1,3.4,4,49,0
750,10,Clássico,70.18,Cartão,1,0,0,4.3,9,49,0
751,58,Clássico,72.3,Cartão,0,2,2,3.1,14,40,1
752,9,Degustação,41.98,Cartão,0,0,0,4.3,6,25,1
753,6,Premium,137.76,Cartão,0,1,1,2.9,52,30,1
754,57,Premium,139.41,Pix,1,2,1,4.1,12,39,0
755,34,Degustação,38.3,Cartão,1,1,0,4.1,16,25,0
756,27,Clássico,78.28,Cartão,0,2,1,3.6,19,41,0
757,45,Degustação,59.42,Cartão,0,1,1,4.5,16,47,0
758,23,Premium,120.96,Cartão,0,1,0,3.7,3,44,0
759,8,Premium,125.79,Boleto,1,2,0,3.2,14,44,1
760,44,Premium,128.47,Cartão,0,1,1,4.7,30,18,0
761,11,Degustação,43.68,Boleto,0,1,0,,24,53,1
762,34,Degustação,59.81,Cartão,0,1,0,3.4,1,21,0
763,57,Degustação,54.75,Cartão,1,0,1,4.0,3,36,0
764,57,Degustação,32.81,Cartão,0,3,4,4.0,0,45,0
765,22,Degustação,40.34,Cartão,1,0,2,4.1,23,42,0
766,47,Degustação,40.32,Pix,0,1,1,4.2,4,24,0
767,37,Premium,133.1,Cartão,1,0,0,4.6,7,26,0
768,29,Degustação,44.44,Cartão,0,2,2,3.3,26,41,1
769,9,Degustação,44.58,Pix,1,0,1,,6,44,0
770,23,Premium,116.68,Pix,0,1,0,3.8,8,26,0
771,40,Clássico,85.27,Boleto,0,0,0,3.4,4,42,0
772,60,Premium,117.78,Boleto,1,0,0,,20,21,0
773,1,Clássico,83.14,Pix,1,0,2,3.7,20,45,0
774,44,Premium,132.43,Pix,0,0,0,4.7,11,28,0
775,51,Clássico,80.2,Pix,0,1,0,4.4,2,39,0
776,58,Clássico,82.7,Cartão,0,1,0,4.3,4,37,0
777,26,Clássico,74.16,Pix,0,2,2,3.9,2,51,1
778,8,Clássico,77.29,Cartão,1,1,1,4.1,24,41,0
779,17,Degustação,65.97,Pix,0,3,3,3.5,13,31,1
780,52,Clássico,78.86,Boleto,1,2,2,3.8,14,42,0
781,53,Degustação,37.46,Cartão,0,1,1,4.1,51,62,1
782,39,Premium,115.36,Pix,0,0,0,3.3,13,46,1
783,8,Degustação,46.6,Boleto,0,1,2,3.4,0,37,0
784,8,Degustação,49.32,Cartão,1,1,1,3.2,10,29,1
785,29,Degustação,44.99,Cartão,1,2,1,4.3,12,31,1
786,36,Premium,125.87,Boleto,0,3,1,4.3,20,45,1
787,2,Degustação,45.77,Boleto,0,0,0,2.8,16,28,1
788,42,Clássico,67.91,Cartão,0,2,1,,3,38,1
789,33,Premium,130.13,Cartão,0,0,0,4.2,6,54,1
790,1,Degustação,37.69,Pix,1,1,1,4.5,1,40,0
791,6,Premium,131.91,Cartão,0,1,2,4.2,1,26,1
792,28,Degustação,45.75,Cartão,0,1,0,4.7,9,62,0
793,44,Degustação,48.58,Cartão,0,1,1,4.0,6,57,0
794,50,Clássico,70.87,Cartão,0,0,0,,2,44,0
795,26,Premium,128.01,Pix,1,1,2,3.8,5,52,0
796,18,Degustação,47.29,Pix,0,1,1,4.2,9,35,0
797,59,Clássico,71.15,Pix,0,0,2,4.0,4,46,0
798,28,Degustação,48.99,Pix,0,1,0,4.2,13,33,0
799,19,Clássico,84.35,Cartão,0,0,0,,28,23,1
800,27,Clássico,80.72,Cartão,0,2,1,3.2,44,67,1
801,1,Clássico,83.28,Cartão,0,1,2,3.2,1,23,1
802,19,Clássico,66.12,Cartão,0,1,1,3.6,33,41,0
803,31,Degustação,54.89,Cartão,1,0,0,,3,41,0
804,56,Clássico,68.62,Cartão,0,2,1,2.4,27,44,0
805,45,Clássico,83.64,Cartão,0,0,2,3.6,23,37,1
806,47,Clássico,59.55,Cartão,0,1,1,2.7,27,37,0
807,33,Degustação,51.56,Pix,0,0,0,3.7,41,40,1
808,7,Clássico,87.57,Pix,1,0,3,4.8,13,43,1
809,24,Clássico,66.24,Boleto,0,2,1,2.9,2,38,0
810,60,Degustação,45.5,Pix,0,0,1,4.5,0,37,0
811,3,Degustação,36.8,Pix,0,1,0,5.0,16,23,0
812,53,Clássico,84.9,Cartão,0,1,0,4.7,9,60,0
813,42,Clássico,72.78,Pix,0,3,1,3.4,1,44,0
814,18,Degustação,40.8,Cartão,0,1,0,4.4,4,40,0
815,47,Premium,126.44,Cartão,0,0,2,3.3,31,31,1
816,51,Clássico,86.34,Cartão,0,0,1,,0,27,0
817,3,Premium,134.91,Cartão,0,1,1,3.9,23,47,1
818,7,Clássico,101.46,Cartão,0,2,1,3.8,7,36,1
819,40,Clássico,63.09,Pix,0,0,0,4.8,10,45,0
820,60,Clássico,83.87,Pix,0,1,2,3.5,8,23,0
821,2,Premium,131.0,Pix,1,1,0,4.0,17,55,1
822,40,Clássico,66.34,Pix,0,0,0,4.2,23,48,0
823,9,Clássico,81.99,Cartão,0,1,1,3.8,2,37,1
824,40,Clássico,77.55,Cartão,0,0,0,4.1,8,43,0
825,38,Clássico,79.91,Pix,0,1,0,3.3,20,46,0
826,6,Degustação,43.46,Cartão,0,0,0,4.3,11,23,0
827,41,Clássico,72.62,Cartão,0,0,0,,13,56,0
828,54,Clássico,84.46,Cartão,1,0,0,3.8,11,43,0
829,52,Premium,124.47,Boleto,1,1,1,,7,30,1
830,2,Clássico,68.86,Pix,0,1,2,4.5,11,26,0
831,15,Clássico,87.69,Cartão,0,0,2,4.5,4,49,0
832,15,Premium,129.26,Pix,1,2,0,3.0,18,40,1
833,28,Clássico,76.14,Cartão,1,0,0,4.2,19,43,0
834,9,Degustação,46.77,Cartão,1,0,0,3.6,2,38,0
835,52,Degustação,41.65,Cartão,1,0,1,,12,27,0
836,47,Degustação,38.45,Cartão,0,1,5,3.3,2,44,0
837,49,Degustação,36.68,Pix,0,1,1,4.6,15,36,0
838,12,Clássico,69.18,Cartão,0,0,0,4.6,6,38,0
839,1,Premium,131.68,Pix,0,2,1,4.3,51,64,1
840,55,Clássico,90.16,Cartão,1,1,0,4.5,10,48,0
841,18,Degustação,33.44,Pix,0,2,0,3.4,0,48,0
842,40,Clássico,78.53,Pix,0,0,0,3.8,8,68,0
843,55,Degustação,43.36,Pix,1,0,0,5.0,19,42,1
844,3,Premium,141.03,Pix,1,1,2,3.8,3,39,0
845,1,Degustação,34.71,Boleto,0,0,0,3.3,8,31,0
846,1,Clássico,92.35,Cartão,1,2,1,4.2,1,33,1
847,10,Degustação,38.0,Pix,1,2,3,3.7,12,18,0
848,4,Clássico,87.55,Pix,0,3,0,4.3,3,47,1
849,50,Clássico,73.41,Cartão,0,0,0,4.2,1,24,0
850,37,Premium,134.5,Cartão,1,1,1,3.8,20,48,0
851,59,Degustação,42.24,Cartão,0,0,0,5.0,41,38,0
852,49,Premium,137.5,Cartão,1,2,1,2.7,78,39,1
853,58,Clássico,78.41,Cartão,0,0,0,3.7,3,38,0
854,15,Premium,124.73,Cartão,0,0,0,3.6,20,53,0
855,18,Premium,125.33,Pix,0,1,1,2.5,9,51,0
856,51,Premium,127.35,Cartão,0,0,1,4.6,3,38,0
857,15,Degustação,35.65,Pix,0,0,0,,14,28,0
858,4,Degustação,47.66,Cartão,0,0,1,4.6,20,48,1
859,41,Degustação,50.18,Pix,0,0,1,4.3,17,27,0
860,49,Degustação,41.15,Cartão,0,0,1,4.5,3,21,0
861,59,Clássico,79.85,Cartão,0,1,0,,25,43,0
862,56,Premium,127.99,Cartão,0,0,1,3.6,7,51,0
863,8,Premium,121.94,Pix,1,1,1,3.9,1,34,0
864,47,Clássico,89.68,Cartão,0,0,0,4.7,0,42,0
865,51,Clássico,82.06,Boleto,1,0,0,4.1,2,33,0
866,42,Premium,137.86,Cartão,0,0,1,3.7,7,46,0
867,50,Premium,135.18,Pix,0,0,0,3.4,17,50,0
868,51,Degustação,41.94,Cartão,0,1,0,4.0,2,35,0
869,27,Clássico,80.23,Pix,1,2,1,,32,27,0
870,3,Premium,126.86,Cartão,0,0,1,4.1,0,22,0
871,28,Degustação,48.76,Cartão,0,0,0,4.0,16,48,0
872,13,Clássico,77.6,Cartão,0,0,0,3.8,34,25,0
873,7,Premium,133.49,Cartão,0,1,2,4.0,57,42,1
874,8,Premium,130.56,Cartão,1,1,2,4.2,9,47,0
875,42,Premium,134.04,Boleto,0,2,2,4.8,8,32,0
876,31,Premium,119.59,Cartão,0,2,3,4.1,19,36,1
877,33,Degustação,40.0,Cartão,1,0,0,5.0,17,49,1
878,45,Degustação,39.52,Boleto,0,0,1,3.6,4,29,0
879,33,Clássico,78.65,Cartão,0,0,0,3.1,9,28,0
880,38,Clássico,88.13,Cartão,0,1,0,3.8,6,35,0
881,6,Clássico,79.03,Pix,0,1,1,4.4,17,52,0
882,52,Clássico,76.24,Boleto,1,0,0,4.5,5,56,1
883,27,Clássico,75.05,Pix,0,1,2,4.6,45,37,0
884,10,Clássico,75.12,Cartão,0,2,0,2.1,44,30,1
885,49,Degustação,53.38,Boleto,0,1,0,,1,50,1
886,45,Degustação,51.19,Cartão,0,2,1,3.8,2,20,0
887,4,Degustação,49.21,Boleto,0,3,2,2.4,16,41,1
888,12,Degustação,51.48,Pix,0,1,0,4.3,2,38,0
889,1,Premium,127.98,Boleto,0,2,3,3.7,26,52,1
890,17,Clássico,69.19,Cartão,0,0,0,4.3,10,53,0
891,6,Degustação,31.16,Cartão,0,0,0,4.7,5,28,0
892,43,Premium,128.59,Pix,0,0,0,4.4,2,40,0
893,32,Clássico,73.75,Cartão,0,0,1,,7,32,0
894,59,Degustação,54.48,Cartão,0,0,1,4.0,10,35,0
895,45,Degustação,47.74,Boleto,0,1,0,2.9,10,45,1
896,37,Degustação,52.08,Pix,0,0,0,4.5,18,34,0
897,31,Clássico,89.49,Cartão,0,1,0,4.7,2,40,0
898,4,Degustação,47.71,Cartão,0,1,0,3.1,10,49,0
899,5,Degustação,45.34,Cartão,0,2,2,3.2,2,55,1
900,37,Degustação,43.07,Cartão,1,0,0,3.6,5,41,0
901,1,Clássico,77.55,Cartão,1,3,1,3.1,4,39,1
902,3,Degustação,47.57,Pix,0,0,0,4.3,3,26,0
903,14,Premium,133.37,Pix,1,1,1,3.6,2,55,0
904,54,Degustação,42.82,Cartão,0,1,0,4.2,0,43,0
905,28,Clássico,83.93,Cartão,1,1,1,4.5,23,39,0
906,43,Clássico,61.65,Pix,1,1,1,4.5,8,39,0
907,25,Clássico,82.98,Pix,0,1,1,3.2,1,42,0
908,11,Degustação,51.08,Boleto,0,1,2,4.7,3,46,0
909,23,Premium,124.6,Cartão,0,0,0,5.0,8,48,0
910,6,Premium,111.5,Pix,0,3,1,4.3,0,56,1
911,47,Degustação,33.89,Cartão,1,2,1,3.5,14,41,0
912,12,Degustação,41.21,Cartão,1,1,2,3.4,1,57,0
913,23,Premium,121.43,Boleto,0,0,0,3.5,21,50,1
914,59,Clássico,77.87,Cartão,0,1,0,3.2,26,37,0
915,36,Degustação,59.31,Cartão,0,0,0,4.1,36,20,0
916,28,Degustação,40.62,Cartão,0,0,0,4.6,21,39,0
917,33,Clássico,75.63,Cartão,0,0,0,4.9,2,55,0
918,48,Clássico,80.27,Cartão,0,2,2,3.3,22,29,0
919,16,Clássico,75.53,Pix,1,5,1,2.8,9,39,1
920,39,Premium,128.57,Cartão,1,2,1,3.5,15,40,0
921,53,Clássico,64.13,Cartão,1,4,2,2.7,2,48,0
922,35,Degustação,43.33,Boleto,0,0,1,4.5,2,34,0
923,27,Clássico,85.46,Cartão,0,3,1,3.6,7,28,0
924,9,Degustação,38.82,Boleto,1,2,2,3.7,12,44,1
925,15,Degustação,47.35,Cartão,1,1,2,4.1,7,30,0
926,57,Degustação,39.85,Pix,1,1,0,4.2,7,18,0
927,33,Degustação,43.7,Cartão,0,1,1,4.2,5,58,1
928,19,Clássico,80.7,Pix,0,0,0,3.6,2,48,0
929,26,Degustação,50.94,Cartão,0,2,2,4.1,36,59,1
930,35,Clássico,76.8,Boleto,0,1,0,4.0,5,48,0
931,33,Clássico,72.24,Cartão,1,0,0,,7,45,0
932,42,Clássico,68.71,Pix,0,0,0,4.2,2,42,0
933,16,Premium,129.45,Cartão,0,2,2,3.8,12,36,0
934,39,Premium,140.79,Cartão,1,2,0,,0,44,0
935,27,Clássico,80.57,Cartão,0,1,1,3.2,8,32,0
936,57,Degustação,40.11,Cartão,0,0,1,,2,26,0
937,10,Clássico,90.29,Cartão,1,0,2,4.1,26,34,1
938,9,Clássico,80.42,Pix,0,1,3,3.5,11,52,1
939,28,Degustação,50.52,Cartão,0,0,0,3.8,8,24,0
940,31,Degustação,50.76,Cartão,0,2,3,3.0,19,25,1
941,42,Degustação,52.38,Cartão,0,0,0,3.1,12,45,0
942,25,Clássico,69.32,Cartão,1,0,0,4.5,11,33,0
943,55,Clássico,80.58,Cartão,0,0,1,5.0,28,43,0
944,29,Degustação,45.98,Pix,1,2,2,2.6,0,49,0
945,8,Premium,133.08,Cartão,1,1,1,3.3,39,43,1
946,8,Premium,129.57,Boleto,1,0,0,4.6,6,31,0
947,59,Degustação,67.69,Cartão,0,0,1,4.1,24,52,0
948,9,Premium,128.77,Cartão,0,1,2,4.4,5,46,1
949,57,Degustação,52.38,Boleto,0,1,0,3.8,6,38,0
950,17,Premium,136.73,Cartão,0,1,4,3.5,4,38,0
951,6,Premium,124.87,Cartão,0,0,1,4.0,6,42,1
952,19,Degustação,47.27,Boleto,0,2,1,2.2,7,35,1
953,37,Premium,128.02,Boleto,0,1,0,,1,20,0
954,26,Premium,121.38,Pix,1,2,2,4.2,2,46,0
955,48,Premium,138.93,Cartão,1,1,2,4.6,1,46,0
956,37,Premium,131.75,Pix,0,0,0,4.9,23,18,0
957,25,Clássico,78.63,Boleto,0,2,0,3.9,6,44,0
958,39,Degustação,38.87,Boleto,1,3,3,2.0,5,57,1
959,59,Premium,124.05,Cartão,0,0,0,3.7,26,26,0
960,25,Clássico,85.05,Cartão,0,0,0,4.9,9,37,0
961,10,Clássico,83.25,Cartão,0,0,0,5.0,56,36,1
962,25,Clássico,58.1,Cartão,1,0,0,4.9,18,56,0
963,51,Clássico,82.82,Pix,1,0,1,,2,50,1
964,14,Degustação,44.32,Cartão,0,0,0,3.3,0,28,1
965,57,Clássico,71.98,Cartão,0,0,0,4.1,2,42,0
966,36,Degustação,54.98,Cartão,0,2,1,3.6,22,63,0
967,37,Clássico,69.05,Cartão,1,1,1,4.8,13,31,0
968,20,Premium,128.2,Cartão,1,1,1,4.0,2,38,1
969,56,Clássico,77.68,Cartão,0,1,1,3.9,41,44,0
970,3,Clássico,81.88,Cartão,1,0,2,4.1,6,31,0
971,18,Degustação,56.97,Boleto,0,1,1,4.1,3,57,0
972,26,Premium,132.57,Cartão,0,0,0,,11,33,0
973,29,Clássico,67.51,Cartão,0,1,1,3.4,17,23,0
974,29,Degustação,55.35,Cartão,1,1,1,3.2,4,32,0
975,9,Degustação,50.5,Cartão,0,2,3,4.4,11,45,1
976,14,Degustação,36.21,Cartão,0,1,1,2.9,12,29,0
977,6,Clássico,83.93,Cartão,0,0,0,5.0,12,41,0
978,35,Premium,127.24,Cartão,0,1,0,2.7,2,44,0
979,22,Clássico,84.34,Cartão,0,2,0,3.2,4,25,0
980,34,Degustação,48.41,Pix,1,0,0,,11,32,0
981,36,Premium,125.26,Cartão,0,1,1,3.9,4,42,0
982,43,Degustação,36.31,Cartão,0,0,0,3.3,1,46,0
983,33,Premium,124.42,Pix,0,3,2,3.6,7,32,1
984,39,Degustação,34.59,Cartão,0,0,0,4.1,25,40,0
985,36,Clássico,79.33,Cartão,0,2,0,3.5,5,35,0
986,40,Premium,131.37,Cartão,1,0,0,,5,46,0
987,37,Degustação,46.67,Cartão,1,0,1,4.1,0,44,0
988,19,Clássico,72.93,Cartão,0,3,0,3.0,1,34,0
989,15,Premium,126.49,Boleto,0,1,1,5.0,5,43,1
990,48,Degustação,48.66,Boleto,1,0,0,4.0,4,33,1
991,21,Degustação,51.32,Boleto,0,0,1,3.9,10,43,1
992,33,Clássico,72.14,Cartão,0,1,2,3.5,24,43,0
993,12,Degustação,48.48,Cartão,0,2,3,4.7,21,64,1
994,26,Degustação,48.72,Cartão,1,2,3,2.6,7,34,1
995,32,Clássico,86.18,Cartão,1,1,1,4.1,2,36,0
996,38,Premium,125.82,Cartão,0,0,0,,13,31,1
997,32,Degustação,38.11,Cartão,0,1,0,3.0,3,27,1
998,22,Degustação,44.27,Cartão,1,0,0,3.6,1,33,1
999,58,Premium,119.65,Cartão,0,0,0,4.3,11,45,0
1000,31,Clássico,68.42,Cartão,0,1,0,3.3,3,46,0
1001,49,Premium,129.54,Pix,0,3,2,3.5,0,41,0
1002,45,Clássico,86.45,Cartão,0,1,0,4.9,7,35,0
1003,34,Premium,127.73,Boleto,0,0,0,4.2,21,33,0
1004,54,Clássico,77.84,Cartão,0,0,1,3.2,5,28,0
1005,8,Degustação,34.45,Cartão,0,0,0,3.6,6,32,1
1006,56,Premium,126.75,Cartão,1,3,1,3.2,2,24,0
1007,52,Clássico,78.33,Cartão,0,1,0,3.6,1,53,0
1008,31,Degustação,30.98,Cartão,0,2,1,3.7,4,58,0
1009,45,Degustação,50.18,Cartão,0,0,0,4.3,3,18,0
1010,32,Clássico,67.04,Pix,0,1,2,4.9,2,41,0
1011,17,Degustação,39.73,Cartão,0,0,0,4.1,22,41,0
1012,48,Degustação,51.11,Cartão,1,1,1,3.2,1,40,0
1013,15,Degustação,52.76,Boleto,0,0,0,4.8,14,31,1
1014,19,Clássico,77.97,Cartão,1,0,2,4.9,3,49,0
1015,32,Clássico,83.3,Pix,1,1,0,4.0,21,43,1
1016,51,Clássico,69.65,Cartão,0,1,1,3.7,6,49,0
1017,24,Degustação,40.66,Cartão,0,3,2,3.7,6,30,0
1018,30,Degustação,49.13,Cartão,0,1,0,3.7,30,23,1
1019,3,Clássico,82.49,Cartão,0,0,0,2.9,17,43,1
1020,7,Degustação,40.37,Pix,0,1,1,4.2,2,27,1
1021,4,Clássico,79.62,Cartão,0,1,1,4.4,12,50,0
1022,5,Degustação,32.08,Cartão,0,0,0,5.0,1,18,0
1023,53,Degustação,45.86,Cartão,1,1,0,3.4,10,33,0
1024,51,Degustação,41.7,Boleto,0,1,1,4.0,5,31,0
1025,50,Clássico,74.49,Pix,0,3,1,3.5,3,34,0
1026,4,Degustação,41.92,Boleto,1,2,2,,3,41,1
1027,5,Premium,130.39,Pix,1,3,1,3.4,6,42,1
1028,17,Degustação,58.83,Pix,1,1,0,,16,45,0
1029,34,Clássico,84.98,Cartão,0,1,2,4.0,10,46,1
1030,21,Clássico,63.58,Boleto,0,0,1,4.5,8,36,1
1031,30,Degustação,34.32,Cartão,0,0,0,4.8,27,61,0
1032,11,Clássico,81.43,Cartão,1,1,0,3.4,9,53,0
1033,44,Degustação,47.68,Pix,0,2,1,3.5,56,35,0
1034,19,Clássico,90.34,Cartão,0,2,0,3.3,0,36,0
1035,4,Degustação,38.04,Cartão,0,0,0,,1,34,0
1036,45,Premium,134.24,Cartão,0,0,0,3.1,14,42,0
1037,55,Premium,133.91,Cartão,0,0,1,4.1,4,27,0
1038,1,Degustação,51.36,Pix,0,0,0,4.4,8,29,1
1039,27,Clássico,89.08,Cartão,0,1,0,3.8,1,18,1
1040,50,Premium,132.87,Pix,0,0,0,4.1,3,34,0
1041,43,Degustação,47.09,Cartão,0,0,0,4.4,16,50,0
1042,52,Premium,127.32,Pix,0,1,1,4.7,2,36,0
1043,25,Clássico,81.73,Cartão,1,0,0,3.8,10,37,0
1044,23,Premium,125.03,Boleto,0,0,1,3.4,22,41,1
1045,43,Premium,121.69,Cartão,0,3,2,3.3,13,27,0
1046,10,Degustação,47.66,Cartão,0,3,3,4.5,7,38,1
1047,15,Clássico,76.89,Cartão,0,3,1,2.7,0,48,0
1048,37,Clássico,74.55,Cartão,0,1,1,4.2,19,41,0
1049,41,Degustação,38.39,Cartão,0,1,0,4.5,1,49,0
1050,8,Degustação,39.64,Pix,0,1,2,2.4,5,52,1
1051,31,Premium,124.85,Boleto,0,0,0,4.3,6,45,0
1052,22,Degustação,51.49,Pix,1,0,0,4.5,9,30,0
1053,31,Clássico,76.88,Cartão,1,0,1,3.9,3,34,0
1054,58,Premium,129.14,Cartão,0,2,0,3.2,40,59,0
1055,5,Degustação,57.4,Pix,0,0,0,3.7,10,41,1
1056,60,Clássico,82.81,Pix,0,2,1,3.4,18,40,0
1057,27,Premium,123.5,Cartão,0,0,3,3.9,39,29,0
1058,47,Clássico,73.35,Boleto,0,1,2,3.6,3,37,0
1059,26,Degustação,48.36,Cartão,0,0,0,3.9,10,46,0
1060,19,Degustação,38.72,Pix,0,0,0,4.8,5,38,0
1061,47,Premium,129.67,Boleto,0,0,0,3.4,11,32,0
1062,42,Degustação,47.37,Pix,0,0,2,3.1,1,35,0
1063,9,Clássico,84.3,Cartão,1,0,0,4.8,0,51,0
1064,43,Degustação,61.99,Pix,0,2,0,3.5,7,45,0
1065,46,Clássico,93.93,Cartão,1,1,0,3.6,3,44,0
1066,24,Premium,122.24,Pix,1,0,0,,4,43,0
1067,56,Clássico,78.57,Cartão,0,0,0,,0,25,1
1068,39,Premium,117.37,Pix,0,0,0,3.8,16,41,1
1069,21,Degustação,45.72,Boleto,0,1,2,4.2,32,50,0
1070,1,Clássico,69.59,Cartão,0,0,1,3.5,9,35,0
1071,41,Premium,134.74,Cartão,0,2,1,3.4,12,49,0
1072,13,Clássico,69.59,Pix,0,1,0,2.5,7,44,1
1073,46,Degustação,55.23,Cartão,0,2,0,4.3,7,47,0
1074,32,Premium,125.68,Cartão,0,0,0,4.0,7,39,0
1075,29,Degustação,39.82,Cartão,0,1,0,4.3,3,48,0
1076,10,Clássico,84.44,Cartão,1,0,1,4.4,6,22,0
1077,43,Premium,123.14,Pix,0,1,2,4.2,4,38,0
1078,10,Degustação,44.71,Pix,0,1,1,3.8,17,46,1
1079,26,Degustação,49.34,Cartão,0,1,0,,12,41,0
1080,51,Degustação,47.78,Cartão,0,0,0,3.5,8,50,0
1081,56,Degustação,39.64,Cartão,0,1,1,3.1,2,36,0
1082,60,Degustação,39.33,Cartão,0,4,1,3.0,9,32,1
1083,58,Clássico,78.58,Pix,0,2,3,3.2,0,20,1
1084,34,Degustação,51.92,Cartão,0,1,0,4.7,9,35,0
1085,13,Clássico,85.14,Cartão,1,1,2,4.1,3,44,0
1086,51,Degustação,53.34,Boleto,0,1,0,3.4,3,46,0
1087,49,Degustação,55.59,Cartão,0,1,2,3.7,4,23,0
1088,60,Degustação,57.63,Pix,1,1,1,3.9,3,51,0
1089,40,Clássico,75.26,Cartão,0,1,0,3.8,4,27,0
1090,9,Clássico,84.81,Cartão,0,0,0,4.3,4,37,0
1091,31,Degustação,45.94,Cartão,0,2,1,3.6,16,32,0
1092,27,Premium,121.34,Pix,0,1,1,3.0,2,43,0
1093,51,Clássico,77.89,Pix,1,1,0,2.6,11,39,0
1094,24,Degustação,42.82,Cartão,1,1,1,3.6,20,45,0
1095,20,Premium,131.96,Cartão,0,0,0,4.4,14,58,0
1096,5,Degustação,54.46,Cartão,1,0,1,3.9,32,42,1
1097,51,Degustação,49.99,Pix,0,0,0,,9,32,0
1098,46,Clássico,73.87,Pix,0,2,1,3.6,56,43,0
1099,3,Degustação,38.12,Pix,0,2,1,4.4,4,59,0
1100,27,Degustação,37.76,Boleto,0,0,0,4.8,7,45,0
1101,29,Clássico,76.19,Cartão,1,1,1,4.5,32,48,0
1102,29,Degustação,48.44,Pix,0,2,3,2.9,0,20,1
1103,56,Premium,138.62,Pix,0,1,0,3.9,2,42,0
1104,10,Premium,126.18,Cartão,0,1,1,4.6,0,35,0
1105,19,Clássico,70.62,Boleto,0,0,1,4.3,40,31,0
1106,11,Clássico,92.93,Cartão,1,0,0,4.4,11,38,0
1107,15,Clássico,78.33,Pix,0,0,0,,0,39,0
1108,55,Premium,127.49,Pix,1,1,1,5.0,1,31,0
1109,57,Degustação,43.76,Boleto,0,0,0,3.6,6,40,0
1110,3,Degustação,44.81,Cartão,1,3,3,2.2,11,36,1
1111,38,Clássico,83.51,Cartão,0,1,3,3.6,4,46,0
1112,14,Clássico,75.24,Pix,1,1,3,2.4,10,41,1
1113,12,Degustação,52.51,Pix,0,0,0,3.4,11,42,0
1114,18,Clássico,71.64,Cartão,1,4,2,4.6,20,49,1
1115,12,Degustação,50.31,Pix,1,2,1,3.4,7,44,1
1116,30,Premium,136.5,Cartão,1,0,1,3.2,1,38,0
1117,60,Degustação,54.31,Pix,1,1,1,3.9,2,18,0
1118,36,Degustação,31.48,Boleto,0,1,1,3.3,5,44,0
1119,44,Degustação,46.77,Cartão,0,1,1,4.4,9,28,0
1120,30,Degustação,49.86,Cartão,1,0,0,3.6,12,37,0
1121,1,Degustação,34.31,Boleto,0,1,1,4.0,25,42,1
1122,6,Degustação,40.42,Pix,0,2,1,2.9,18,53,0
1123,17,Degustação,39.12,Boleto,1,0,0,5.0,3,58,0
1124,15,Degustação,45.15,Cartão,0,2,2,3.9,27,28,0
1125,51,Degustação,56.39,Boleto,0,0,0,4.0,31,24,0
1126,51,Degustação,59.16,Cartão,0,2,2,3.4,1,42,0
1127,52,Degustação,39.3,Cartão,0,0,0,3.8,16,41,0
1128,39,Degustação,48.69,Cartão,0,0,0,3.6,2,25,0
1129,34,Degustação,48.91,Pix,0,0,1,3.6,28,38,0
1130,39,Degustação,47.71,Boleto,0,4,4,4.1,6,45,0
1131,25,Degustação,47.79,Pix,0,1,1,3.5,5,24,0
1132,41,Premium,116.33,Pix,0,0,0,2.8,3,27,0
1133,48,Premium,142.77,Cartão,0,1,0,3.2,9,31,0
1134,46,Premium,146.11,Cartão,0,4,2,3.7,7,36,1
1135,37,Clássico,77.36,Cartão,0,0,0,,8,46,0
1136,4,Clássico,86.71,Cartão,1,3,2,3.3,21,34,1
1137,44,Degustação,47.13,Cartão,1,0,0,4.8,2,39,0
1138,22,Premium,110.06,Boleto,1,0,0,3.6,4,63,0
1139,45,Premium,128.32,Pix,1,3,2,3.7,7,27,1
1140,33,Premium,123.97,Pix,0,1,2,3.4,8,31,0
1141,53,Premium,127.15,Cartão,0,0,0,4.4,3,45,0
1142,21,Clássico,75.35,Cartão,1,0,1,3.9,6,49,1
1143,56,Premium,126.07,Cartão,0,1,0,3.7,16,43,0
1144,51,Premium,134.68,Cartão,1,0,0,4.6,104,58,0
1145,20,Degustação,56.81,Cartão,0,2,1,4.0,0,41,1
1146,29,Premium,128.21,Cartão,0,0,0,4.0,38,18,0
1147,32,Degustação,52.72,Cartão,1,3,2,3.1,4,39,0
1148,47,Premium,122.62,Pix,0,2,0,4.6,8,32,0
1149,42,Premium,127.79,Cartão,0,2,2,4.0,14,53,0
1150,52,Degustação,37.58,Cartão,0,2,1,3.4,18,49,0
1151,23,Clássico,72.91,Cartão,0,1,0,3.5,73,21,0
1152,31,Degustação,50.57,Cartão,0,3,3,4.0,35,53,0
1153,26,Premium,132.6,Cartão,1,3,1,3.4,2,48,1
1154,55,Premium,120.71,Cartão,0,0,0,,2,34,0
1155,19,Clássico,80.09,Pix,1,1,0,3.9,11,37,1
1156,36,Premium,117.48,Cartão,0,0,0,4.3,2,53,0
1157,8,Degustação,51.25,Boleto,0,4,2,3.1,16,18,1
1158,52,Degustação,47.2,Cartão,0,1,1,4.6,38,43,0
1159,24,Clássico,82.49,Cartão,0,2,3,4.4,3,50,0
1160,21,Degustação,52.92,Cartão,0,0,0,4.4,2,37,0
1161,35,Clássico,90.5,Cartão,0,0,1,4.9,5,45,0
1162,30,Degustação,46.32,Cartão,0,2,1,3.6,13,39,0
1163,51,Degustação,46.4,Boleto,0,0,0,4.5,40,29,0
1164,32,Clássico,81.48,Cartão,1,0,0,4.7,3,29,0
1165,32,Premium,142.95,Pix,0,0,0,4.7,9,46,0
1166,7,Degustação,45.85,Cartão,0,2,2,4.1,25,31,0
1167,2,Premium,124.5,Cartão,1,1,2,,13,21,0
1168,24,Clássico,83.51,Cartão,0,0,0,5.0,21,39,0
1169,60,Degustação,30.87,Cartão,0,1,0,3.5,11,32,0
1170,56,Clássico,84.03,Cartão,0,1,1,3.8,1,25,0
1171,38,Clássico,70.93,Boleto,0,1,0,3.7,13,39,0
1172,38,Degustação,44.44,Pix,0,1,0,3.6,2,46,1
1173,24,Clássico,72.26,Boleto,0,1,1,2.7,35,38,1
1174,11,Degustação,40.32,Cartão,0,1,1,,10,26,1
1175,1,Degustação,36.69,Pix,1,2,0,3.0,2,43,0
1176,21,Clássico,71.41,Pix,0,1,0,4.0,17,49,1
1177,19,Clássico,69.67,Pix,0,1,0,3.0,17,62,0
1178,12,Premium,128.04,Boleto,0,0,0,4.5,18,54,0
1179,16,Degustação,55.04,Pix,0,1,0,3.4,13,27,0
1180,2,Premium,126.22,Boleto,1,1,0,3.2,18,47,0
1181,37,Premium,132.84,Pix,0,0,0,4.2,21,41,0
1182,56,Premium,141.41,Cartão,0,0,0,3.7,18,25,1
1183,42,Premium,133.06,Pix,1,1,0,3.5,21,41,0
1184,27,Degustação,48.53,Cartão,0,0,0,4.2,1,59,0
1185,26,Clássico,84.57,Boleto,0,0,0,4.6,1,51,0
1186,19,Degustação,44.79,Pix,1,1,2,3.4,27,27,1
1187,9,Premium,118.37,Cartão,0,1,0,3.3,17,38,1
1188,36,Clássico,81.03,Cartão,0,1,3,3.9,17,43,1
1189,34,Degustação,41.05,Cartão,0,0,2,4.4,7,19,0
1190,1,Premium,119.31,Cartão,1,0,0,5.0,2,19,0
1191,25,Degustação,47.07,Cartão,1,0,0,3.5,24,40,0
1192,17,Clássico,79.56,Pix,0,1,1,3.7,16,40,1
1193,11,Clássico,60.85,Pix,0,1,0,4.6,24,18,0
1194,43,Degustação,51.94,Pix,1,0,1,5.0,27,42,0
1195,32,Clássico,93.39,Cartão,0,2,1,3.0,6,50,0
1196,39,Premium,126.21,Cartão,1,1,0,3.4,42,36,1
1197,43,Degustação,39.21,Cartão,0,0,0,4.3,4,39,0
1198,59,Clássico,72.74,Boleto,0,2,1,3.3,6,44,0
1199,49,Degustação,44.97,Cartão,1,2,1,3.1,18,43,1
1200,38,Clássico,93.36,Cartão,0,0,1,4.2,13,20,0
1201,53,Degustação,51.08,Cartão,0,0,1,5.0,2,28,0
1202,29,Premium,127.12,Pix,0,1,0,3.1,2,34,0
1203,60,Premium,116.95,Cartão,0,1,2,4.7,18,29,0
1204,46,Degustação,31.45,Pix,1,0,0,3.8,7,54,0
1205,40,Degustação,44.6,Pix,1,3,1,3.6,9,45,1
1206,55,Clássico,68.86,Pix,0,1,1,4.8,1,26,0
1207,31,Clássico,73.31,Cartão,0,2,0,3.8,37,36,0
1208,44,Clássico,63.58,Cartão,1,0,1,3.9,1,50,0
1209,18,Degustação,41.99,Cartão,0,1,3,4.3,2,31,0
1210,58,Degustação,44.06,Cartão,1,0,0,4.0,1,47,0
1211,38,Premium,134.74,Pix,1,0,0,4.4,2,53,0
1212,47,Clássico,81.53,Cartão,0,1,1,,2,51,0
1213,28,Premium,121.4,Cartão,0,2,2,4.1,3,40,0
1214,53,Clássico,71.29,Cartão,0,2,3,2.8,12,52,0
1215,5,Premium,139.45,Pix,1,0,0,3.5,4,32,1
1216,7,Degustação,41.49,Cartão,0,0,1,,5,65,1
1217,31,Degustação,45.96,Pix,1,2,1,3.6,0,41,0
1218,44,Premium,141.74,Cartão,0,0,0,3.2,12,51,0
1219,49,Premium,127.26,Boleto,0,2,2,3.2,29,34,0
1220,27,Degustação,58.47,Pix,0,3,1,2.7,17,43,1
1221,39,Degustação,42.73,Cartão,0,1,1,4.7,4,44,0
1222,34,Clássico,71.49,Cartão,0,1,2,3.3,11,28,0
1223,58,Clássico,69.39,Cartão,1,1,1,,16,27,0
1224,40,Degustação,47.04,Cartão,1,0,0,,15,36,0
1225,26,Premium,132.07,Cartão,0,2,0,4.6,20,50,1
1226,59,Degustação,58.96,Boleto,1,0,0,4.0,1,18,0
1227,7,Clássico,84.44,Pix,1,0,0,4.1,20,34,1
1228,60,Degustação,41.15,Cartão,1,3,0,4.1,8,52,0
1229,10,Degustação,57.7,Pix,0,1,3,4.4,3,24,1
1230,18,Clássico,83.98,Cartão,0,1,1,4.1,18,52,0
1231,50,Degustação,45.04,Boleto,0,0,0,3.8,11,26,0
1232,45,Clássico,91.68,Cartão,0,1,0,4.1,57,28,0
1233,59,Degustação,57.47,Pix,0,2,2,2.8,8,36,0
1234,45,Premium,120.38,Pix,1,1,1,,40,59,0
1235,39,Clássico,74.2,Cartão,0,2,1,4.5,5,31,0
1236,21,Premium,133.37,Cartão,0,1,2,4.6,1,19,0
1237,1,Degustação,50.25,Cartão,0,2,1,3.9,26,23,0
1238,8,Degustação,47.15,Boleto,0,1,1,,20,48,1
1239,18,Degustação,44.54,Cartão,0,0,0,3.4,37,23,0
1240,3,Clássico,80.53,Pix,1,2,1,3.2,9,51,1
1241,31,Degustação,40.63,Pix,0,0,1,4.0,14,39,0
1242,47,Degustação,45.53,Pix,0,1,0,3.1,1,38,0
1243,58,Degustação,51.28,Cartão,1,1,1,3.7,46,41,0
1244,30,Degustação,44.91,Cartão,1,0,0,5.0,1,29,0
1245,53,Degustação,42.78,Pix,0,0,1,4.3,14,40,0
1246,60,Degustação,43.24,Cartão,0,1,1,4.0,1,25,0
1247,52,Degustação,51.95,Boleto,0,2,2,3.0,45,53,0
1248,28,Clássico,69.97,Cartão,1,0,0,3.1,34,27,0
1249,20,Degustação,53.58,Cartão,0,0,2,3.4,2,43,0
1250,59,Degustação,40.33,Pix,1,0,0,3.1,2,27,0
1251,15,Clássico,76.65,Cartão,0,3,1,,3,32,1
1252,25,Premium,125.51,Cartão,1,0,0,,32,34,1
1253,5,Degustação,40.32,Cartão,1,0,0,3.5,3,71,0
1254,48,Clássico,75.37,Cartão,0,1,1,3.9,11,38,1
1255,39,Premium,121.39,Pix,1,0,0,5.0,11,29,0
1256,6,Clássico,82.25,Cartão,0,1,1,5.0,0,33,0
1257,14,Premium,126.97,Cartão,1,0,0,4.6,2,21,0
1258,34,Premium,125.74,Cartão,0,1,1,3.7,10,36,0
1259,33,Degustação,47.66,Boleto,1,0,1,,3,58,1
1260,49,Clássico,86.12,Cartão,0,0,1,4.9,3,42,0
1261,16,Clássico,85.94,Boleto,1,0,0,2.9,0,48,0
1262,56,Premium,126.72,Boleto,0,2,0,4.5,4,28,0
1263,27,Clássico,73.1,Cartão,1,0,0,3.8,5,36,0
1264,50,Degustação,55.69,Pix,0,2,1,3.3,0,40,0
1265,15,Clássico,85.99,Pix,0,3,3,3.1,10,30,1
1266,3,Degustação,53.02,Cartão,1,1,0,4.0,7,42,0
1267,4,Premium,135.65,Cartão,1,2,1,2.9,2,45,0
1268,23,Clássico,78.69,Pix,1,3,1,3.2,12,44,1
1269,58,Clássico,76.73,Pix,1,0,0,4.4,18,36,0
1270,3,Premium,123.5,Pix,0,0,1,4.2,9,50,0
1271,23,Clássico,74.04,Boleto,0,0,1,4.3,2,35,0
1272,7,Clássico,75.08,Cartão,0,1,0,3.7,12,34,0
1273,56,Premium,141.15,Pix,0,2,1,4.0,13,54,0
1274,41,Premium,119.72,Boleto,1,0,2,4.7,1,26,0
1275,46,Premium,140.31,Cartão,1,1,1,4.4,2,19,0
1276,43,Degustação,36.24,Cartão,1,1,0,4.1,0,28,0
1277,40,Clássico,91.2,Cartão,1,1,1,4.4,2,42,0
1278,47,Degustação,43.15,Boleto,0,1,1,4.4,3,52,0
1279,1,Premium,121.88,Cartão,1,0,0,5.0,7,31,1
1280,52,Clássico,81.15,Pix,1,1,3,4.6,38,58,0
1281,45,Clássico,80.22,Cartão,1,2,1,,3,38,1
1282,45,Degustação,38.49,Cartão,0,0,0,3.6,9,37,0
1283,24,Degustação,43.13,Pix,1,0,1,3.9,18,29,0
1284,49,Clássico,77.16,Cartão,0,2,3,3.4,0,59,1
1285,23,Degustação,56.23,Boleto,0,1,1,4.2,23,36,1
1286,3,Degustação,35.04,Cartão,0,1,1,3.4,4,23,1
1287,55,Premium,128.99,Boleto,0,0,0,4.8,10,65,0
1288,15,Premium,125.57,Cartão,0,1,0,3.0,25,42,1
1289,7,Degustação,33.67,Boleto,0,1,1,2.9,2,47,0
1290,38,Degustação,39.2,Pix,0,3,1,3.3,5,56,0
1291,15,Premium,126.59,Cartão,0,1,1,3.3,1,45,0
1292,52,Clássico,96.12,Cartão,0,1,2,3.1,13,49,1
1293,27,Clássico,88.14,Cartão,1,3,1,3.0,9,39,1
1294,1,Degustação,47.01,Pix,0,1,1,3.4,9,46,1
1295,58,Degustação,49.35,Pix,0,2,0,3.6,7,38,0
1296,31,Degustação,48.06,Cartão,0,0,0,3.7,2,38,0
1297,16,Clássico,73.95,Cartão,0,1,0,3.5,2,39,1
1298,41,Degustação,53.23,Pix,0,1,1,3.8,20,34,0
1299,32,Degustação,32.66,Cartão,0,0,0,4.7,9,44,0
1300,2,Clássico,77.08,Pix,0,0,2,5.0,22,44,0
1301,46,Premium,134.61,Cartão,0,0,1,4.2,5,47,0
1302,25,Premium,139.5,Pix,0,1,1,4.0,28,45,0
1303,42,Clássico,77.5,Boleto,1,2,1,3.5,8,60,1
1304,54,Clássico,80.02,Cartão,1,0,1,4.4,6,50,0
1305,37,Clássico,74.09,Cartão,0,2,2,3.8,5,36,0
1306,41,Degustação,53.32,Cartão,1,0,1,4.9,13,43,0
1307,16,Clássico,82.07,Pix,1,1,0,2.7,0,54,1
1308,15,Clássico,89.16,Cartão,0,1,0,,13,28,0
1309,25,Clássico,69.8,Boleto,0,1,0,4.1,1,60,0
1310,52,Premium,137.33,Pix,1,1,0,3.8,15,29,1
1311,32,Premium,126.17,Cartão,1,1,1,3.3,37,48,1
1312,21,Degustação,42.82,Pix,0,1,1,3.1,5,38,1
1313,47,Degustação,50.12,Cartão,0,0,1,4.6,8,37,0
1314,52,Degustação,35.74,Pix,0,1,2,3.4,30,24,1
1315,55,Degustação,45.03,Cartão,1,0,0,3.0,2,48,0
1316,18,Degustação,46.65,Pix,0,3,4,3.9,46,24,1
1317,43,Degustação,53.09,Boleto,0,2,1,3.9,25,22,0
1318,36,Premium,130.29,Pix,0,1,1,,5,51,0
1319,27,Clássico,71.1,Boleto,0,2,6,3.1,9,58,1
1320,24,Premium,123.53,Cartão,0,1,1,3.8,8,31,0
1321,7,Degustação,33.9,Pix,0,0,0,4.8,22,49,0
1322,17,Degustação,45.22,Pix,0,1,0,2.9,7,47,1
1323,33,Clássico,75.62,Pix,0,1,0,2.9,11,37,0
1324,54,Degustação,37.4,Cartão,0,1,1,3.5,2,53,0
1325,52,Degustação,48.54,Cartão,0,0,0,4.1,14,36,0
1326,12,Premium,122.06,Pix,0,2,5,3.3,4,44,0
1327,41,Degustação,50.44,Cartão,0,1,0,4.2,8,24,0
1328,6,Degustação,54.01,Pix,0,3,2,,10,25,1
1329,41,Clássico,75.94,Pix,0,0,0,4.3,0,51,0
1330,21,Clássico,92.99,Boleto,0,1,1,4.2,3,44,0
1331,27,Clássico,86.01,Cartão,0,0,0,4.3,26,36,0
1332,44,Degustação,41.25,Boleto,1,2,1,3.6,6,59,0
1333,26,Premium,120.98,Cartão,1,3,1,2.6,10,59,1
1334,49,Degustação,51.49,Cartão,0,1,0,3.2,1,43,0
1335,33,Clássico,85.61,Pix,1,0,1,3.3,51,22,1
1336,60,Clássico,77.15,Cartão,0,4,1,3.0,35,37,1
1337,39,Premium,125.94,Cartão,1,0,2,4.2,8,29,0
1338,18,Degustação,54.53,Cartão,0,1,2,3.0,0,39,0
1339,47,Clássico,77.0,Cartão,0,2,0,3.6,21,28,0
1340,25,Degustação,33.5,Pix,0,0,0,3.6,6,25,0
1341,33,Degustação,49.29,Cartão,0,1,0,3.2,4,18,0
1342,9,Degustação,51.71,Cartão,0,1,1,3.5,9,40,1
1343,8,Clássico,68.84,Pix,1,2,1,2.9,35,18,1
1344,35,Degustação,43.19,Cartão,0,1,0,4.2,5,34,0
1345,12,Clássico,84.47,Pix,1,1,0,,3,46,1
1346,60,Degustação,36.52,Boleto,0,1,2,4.3,25,30,0
1347,52,Premium,130.75,Pix,0,3,0,3.1,8,26,1
1348,43,Premium,115.62,Boleto,0,0,0,3.9,5,37,0
1349,45,Degustação,51.6,Cartão,0,1,0,5.0,8,29,0
1350,36,Degustação,36.6,Pix,0,0,0,3.1,5,40,0
1351,4,Degustação,43.75,Cartão,1,1,0,4.6,7,27,0
1352,24,Premium,128.68,Cartão,0,1,3,4.8,17,37,0
1353,30,Degustação,44.72,Pix,1,5,7,3.3,3,34,1
1354,55,Clássico,82.44,Cartão,0,3,0,3.2,5,38,0
1355,14,Clássico,88.0,Boleto,0,0,0,5.0,17,56,0
1356,30,Premium,139.61,Pix,0,2,0,3.4,6,40,1
1357,21,Clássico,77.52,Boleto,0,0,0,3.7,16,44,1
1358,9,Clássico,78.01,Cartão,1,1,0,3.6,2,31,0
1359,7,Premium,136.85,Cartão,1,1,0,3.5,8,40,1
1360,22,Degustação,50.01,Pix,0,0,1,3.5,1,35,0
1361,5,Premium,124.9,Cartão,1,0,0,4.8,9,38,1
1362,5,Degustação,40.61,Cartão,0,2,1,,1,45,0
1363,22,Clássico,80.19,Pix,0,0,1,4.1,6,32,0
1364,13,Premium,119.22,Boleto,0,1,0,3.0,13,34,1
1365,34,Clássico,85.24,Pix,0,1,1,3.9,8,33,0
1366,2,Clássico,68.71,Cartão,0,1,3,,12,32,1
1367,19,Degustação,40.21,Cartão,0,1,3,3.1,7,40,1
1368,28,Clássico,84.15,Pix,0,0,0,4.0,1,34,0
1369,58,Degustação,45.69,Cartão,0,0,0,4.7,32,54,0
1370,39,Clássico,78.86,Cartão,0,0,0,4.4,1,67,0
1371,53,Clássico,71.59,Cartão,1,0,0,,8,32,0
1372,21,Degustação,52.04,Cartão,0,1,1,3.8,20,41,1
1373,27,Degustação,61.01,Cartão,0,0,1,3.9,2,49,0
1374,26,Degustação,34.45,Cartão,0,0,3,4.6,24,35,0
1375,54,Degustação,47.21,Pix,0,3,0,3.0,4,27,0
1376,58,Degustação,37.39,Cartão,0,1,0,4.4,1,57,0
1377,58,Premium,132.22,Pix,1,2,1,4.3,0,46,0
1378,46,Clássico,64.41,Cartão,1,1,0,3.3,2,42,0
1379,31,Degustação,52.13,Boleto,0,0,0,3.7,18,54,0
1380,33,Clássico,78.04,Cartão,0,1,0,3.5,7,46,0
1381,59,Premium,112.78,Cartão,0,2,0,2.7,9,37,0
1382,18,Degustação,38.43,Cartão,0,0,0,3.8,7,27,0
1383,21,Degustação,40.28,Cartão,0,2,1,4.4,9,33,0
1384,54,Degustação,40.88,Cartão,0,0,0,3.5,2,51,0
1385,24,Degustação,44.47,Pix,0,2,1,4.4,2,46,1
1386,15,Premium,136.77,Boleto,1,0,0,3.8,20,36,1
1387,34,Premium,127.5,Cartão,0,1,0,5.0,3,57,0
1388,20,Degustação,47.26,Cartão,0,0,0,3.7,2,36,0
1389,54,Clássico,89.13,Pix,1,1,1,,19,49,0
1390,55,Degustação,48.39,Pix,0,0,1,,15,40,0
1391,19,Clássico,90.72,Cartão,1,2,0,3.2,18,59,1
1392,32,Premium,141.82,Pix,0,0,0,4.9,1,46,0
1393,60,Degustação,44.96,Cartão,0,1,1,4.1,1,39,0
1394,45,Degustação,35.69,Pix,1,3,1,4.0,10,36,1
1395,13,Clássico,81.49,Cartão,0,1,0,3.1,8,38,0
1396,36,Premium,116.91,Cartão,0,2,3,4.0,5,30,0
1397,38,Degustação,50.09,Cartão,1,0,0,3.5,12,23,0
1398,40,Degustação,44.63,Pix,0,1,2,3.0,25,41,1
1399,2,Degustação,53.13,Cartão,0,1,2,4.0,13,32,1
1400,18,Clássico,92.73,Pix,0,0,0,4.2,33,32,0
1401,52,Clássico,78.7,Pix,0,0,1,4.1,3,37,1
1402,15,Premium,135.43,Pix,1,1,1,4.3,3,39,0
1403,18,Premium,128.3,Cartão,0,1,0,4.4,2,38,1
1404,20,Premium,126.68,Cartão,0,1,0,4.7,18,57,1
1405,11,Premium,119.41,Cartão,1,0,0,3.4,27,45,0
1406,10,Degustação,40.05,Pix,0,2,1,4.5,13,61,0
1407,21,Clássico,85.67,Boleto,0,0,0,5.0,1,33,0
1408,53,Degustação,33.78,Cartão,0,2,2,3.4,3,47,0
1409,1,Degustação,44.76,Boleto,0,1,1,2.8,0,34,1
1410,17,Premium,133.17,Cartão,0,0,1,3.3,42,32,0
1411,4,Clássico,75.84,Cartão,0,2,2,,5,62,1
1412,34,Premium,133.73,Cartão,0,0,0,5.0,1,30,0
1413,16,Clássico,75.4,Pix,1,1,0,3.9,12,18,0
1414,48,Clássico,74.26,Cartão,0,0,0,3.7,3,30,0
1415,36,Clássico,64.58,Cartão,1,1,0,3.4,34,18,1
1416,48,Degustação,54.07,Pix,1,0,1,,12,28,0
1417,39,Degustação,46.13,Cartão,1,0,0,4.6,13,29,0
1418,27,Clássico,88.01,Cartão,0,0,0,4.0,9,38,0
1419,52,Degustação,43.6,Cartão,0,1,1,5.0,2,18,0
1420,29,Premium,141.5,Cartão,0,0,0,4.5,1,51,0
1421,57,Degustação,38.91,Cartão,0,0,1,4.6,6,18,0
1422,60,Degustação,57.3,Cartão,0,0,0,,30,37,0
1423,36,Premium,136.06,Pix,1,0,1,3.4,0,34,0
1424,41,Degustação,37.79,Cartão,1,1,0,3.3,45,47,0
1425,16,Premium,124.84,Pix,1,0,0,3.3,11,42,0
1426,49,Clássico,74.51,Cartão,0,0,1,4.6,3,51,0
1427,41,Degustação,39.92,Cartão,1,0,0,3.9,14,34,0
1428,55,Clássico,73.39,Cartão,0,0,0,4.7,4,33,0
1429,17,Clássico,70.74,Cartão,0,2,2,,1,43,0
1430,48,Premium,121.97,Cartão,0,0,2,3.9,6,49,0
1431,29,Premium,119.42,Cartão,0,2,0,2.9,3,47,0
1432,12,Clássico,77.57,Boleto,0,1,0,,35,42,1
1433,11,Clássico,91.34,Pix,1,0,0,4.0,4,41,0
1434,34,Degustação,48.99,Cartão,0,0,0,4.6,4,38,0
1435,20,Clássico,93.66,Pix,1,1,1,3.4,5,43,0
1436,7,Premium,139.31,Pix,0,1,0,4.2,12,60,0
1437,26,Clássico,67.37,Pix,1,0,0,,10,35,0
1438,40,Clássico,76.52,Cartão,0,0,1,4.3,26,34,0
1439,20,Clássico,71.76,Cartão,0,0,1,4.6,14,33,0
1440,58,Premium,123.55,Cartão,0,3,2,3.7,1,42,0
1441,47,Premium,139.36,Cartão,0,1,0,5.0,30,18,0
1442,31,Degustação,32.01,Cartão,1,0,0,4.3,1,37,0
1443,57,Degustação,53.92,Boleto,0,2,0,4.0,2,48,0
1444,26,Clássico,85.92,Boleto,0,2,2,3.6,2,32,1
1445,9,Clássico,81.01,Cartão,1,3,1,2.9,22,40,1
1446,3,Clássico,74.54,Cartão,1,0,0,3.4,20,61,0
1447,57,Degustação,49.37,Cartão,1,1,1,4.6,17,42,0
1448,58,Clássico,79.51,Cartão,1,2,1,3.0,44,18,0
1449,45,Clássico,75.66,Pix,0,0,1,4.5,2,22,0
1450,7,Clássico,90.3,Cartão,1,1,0,4.1,0,35,1
1451,18,Clássico,82.83,Pix,0,2,2,4.2,1,29,0
1452,3,Clássico,83.69,Boleto,1,0,1,3.8,3,39,1
1453,4,Clássico,60.33,Pix,0,0,0,3.6,12,35,0
1454,15,Premium,132.68,Pix,1,0,0,4.3,13,51,1
1455,35,Clássico,78.53,Cartão,0,1,1,3.7,0,26,0
1456,4,Clássico,93.58,Cartão,0,0,1,3.4,18,36,1
1457,60,Clássico,88.28,Cartão,0,0,0,5.0,15,40,0
1458,28,Degustação,51.29,Pix,0,0,0,3.6,3,42,0
1459,16,Degustação,48.91,Cartão,0,1,0,3.3,29,40,0
1460,31,Clássico,66.07,Pix,0,1,1,3.7,19,18,1
1461,48,Premium,131.31,Cartão,0,0,0,4.9,4,39,0
1462,19,Clássico,76.81,Cartão,0,1,2,2.5,1,36,1
1463,3,Degustação,43.87,Cartão,1,1,0,4.6,6,48,0
1464,4,Clássico,70.59,Boleto,1,1,2,3.3,9,46,1
1465,52,Degustação,37.56,Cartão,1,1,2,4.0,1,41,0
1466,7,Clássico,90.98,Cartão,0,1,1,3.4,6,41,0
1467,39,Premium,126.85,Cartão,1,2,1,4.8,21,53,0
1468,24,Clássico,80.71,Pix,1,0,0,4.2,8,51,1
1469,47,Clássico,73.63,Boleto,0,0,0,3.7,20,41,0
1470,4,Degustação,44.02,Cartão,0,2,2,3.4,4,62,1
1471,54,Clássico,79.24,Boleto,0,0,0,4.2,21,31,0
1472,42,Premium,133.62,Cartão,0,0,0,4.2,4,25,0
1473,27,Clássico,60.75,Pix,1,0,0,4.4,20,38,0
1474,13,Clássico,71.41,Cartão,0,1,1,3.8,10,34,0
1475,59,Degustação,38.17,Cartão,1,0,2,3.3,1,18,0
1476,19,Degustação,48.4,Pix,1,3,4,3.1,5,31,0
1477,30,Degustação,50.65,Cartão,0,2,0,4.0,18,42,0
1478,24,Degustação,55.34,Cartão,1,0,1,3.7,3,37,1
1479,14,Degustação,47.6,Pix,0,2,2,4.0,18,29,1
1480,25,Premium,128.89,Boleto,0,2,0,3.6,1,38,1
1481,10,Clássico,79.26,Cartão,1,1,0,3.7,1,39,0
1482,1,Degustação,51.47,Pix,1,0,1,4.8,7,46,1
1483,18,Degustação,42.92,Pix,1,1,0,2.8,12,31,0
1484,7,Degustação,41.65,Cartão,1,2,4,3.2,20,48,1
1485,25,Premium,126.42,Boleto,0,1,2,4.6,15,26,1
1486,52,Degustação,48.32,Cartão,0,1,0,4.9,14,32,0
1487,10,Premium,133.87,Pix,1,2,1,5.0,13,57,1
1488,1,Premium,127.99,Cartão,1,0,0,4.1,4,27,1
1489,7,Degustação,42.29,Cartão,0,0,0,4.4,20,31,0
1490,31,Clássico,84.92,Cartão,0,1,2,4.3,5,24,0
1491,17,Premium,123.41,Cartão,0,0,0,,7,29,0
1492,30,Clássico,65.41,Boleto,1,1,1,4.0,19,40,1
1493,2,Degustação,46.88,Boleto,0,1,2,4.4,2,46,1
1494,20,Premium,133.2,Cartão,1,0,1,4.4,5,38,0
1495,25,Premium,128.55,Cartão,0,0,0,4.4,4,34,0
1496,26,Clássico,76.33,Cartão,0,2,2,3.0,73,24,1
1497,34,Clássico,86.07,Cartão,0,1,1,3.7,15,30,0
1498,47,Degustação,37.57,Cartão,1,0,0,3.8,4,21,0
1499,29,Premium,132.42,Boleto,0,1,0,3.1,2,46,0
1500,51,Clássico,68.84,Pix,1,0,0,3.1,3,47,0
1501,32,Degustação,38.83,Cartão,0,1,1,3.6,18,38,0
1502,16,Clássico,80.6,Cartão,1,0,1,3.9,5,43,0
1503,14,Premium,125.82,Pix,0,0,0,4.2,3,48,0
1504,20,Premium,120.54,Cartão,1,3,5,3.7,20,39,1
1505,36,Degustação,49.45,Cartão,0,2,0,3.7,8,53,1
1506,15,Degustação,51.21,Cartão,0,0,1,3.9,17,27,1
1507,55,Premium,141.15,Cartão,0,1,2,,19,34,0
1508,29,Premium,139.83,Cartão,1,1,2,4.4,8,33,1
1509,52,Clássico,79.46,Pix,0,0,0,4.0,23,45,0
1510,41,Clássico,91.0,Cartão,1,2,1,3.3,3,22,0
1511,21,Clássico,77.39,Pix,0,1,2,3.7,0,54,0
1512,14,Clássico,77.8,Cartão,1,1,2,3.4,5,44,1
1513,45,Degustação,38.1,Boleto,1,1,1,3.5,6,57,0
1514,20,Degustação,49.69,Cartão,1,1,0,3.5,12,38,1
1515,15,Degustação,41.27,Cartão,1,0,0,3.9,9,32,0
1516,56,Premium,135.19,Cartão,1,1,1,4.2,25,45,0
1517,29,Degustação,45.12,Cartão,0,0,0,4.3,31,49,0
1518,3,Degustação,54.92,Cartão,1,0,1,5.0,10,30,0
1519,30,Clássico,84.98,Pix,0,1,0,,22,18,0
1520,28,Degustação,50.65,Cartão,0,1,0,5.0,34,18,0
1521,52,Degustação,50.57,Cartão,0,0,1,4.4,11,41,0
1522,43,Clássico,69.72,Cartão,0,1,1,4.2,6,55,0
1523,12,Degustação,58.36,Pix,0,1,1,3.6,19,24,0
1524,10,Clássico,77.45,Boleto,0,2,1,4.1,23,35,1
1525,37,Premium,126.29,Pix,0,0,0,3.7,26,34,0
1526,3,Degustação,40.07,Pix,0,0,0,3.2,1,59,1
1527,20,Premium,126.9,Pix,1,0,0,5.0,8,63,0
1528,9,Premium,138.68,Pix,0,2,3,,7,43,1
1529,2,Premium,126.52,Cartão,1,3,3,3.6,17,48,1
1530,56,Clássico,75.81,Pix,0,0,1,3.6,8,48,0
1531,6,Clássico,78.03,Pix,0,0,0,4.8,34,24,0
1532,1,Clássico,84.94,Cartão,1,0,1,4.9,26,46,0
1533,56,Clássico,82.88,Pix,1,0,1,4.4,0,27,0
1534,12,Degustação,38.1,Cartão,0,0,1,4.8,13,36,0
1535,49,Premium,124.57,Cartão,1,0,0,4.1,7,51,0
1536,2,Clássico,73.76,Cartão,1,1,2,5.0,4,39,1
1537,10,Premium,142.11,Pix,0,0,0,4.5,17,50,0
1538,7,Degustação,39.95,Boleto,0,0,0,3.6,6,52,1
1539,43,Degustação,43.22,Cartão,0,1,0,3.9,7,19,0
1540,38,Clássico,79.96,Cartão,0,1,0,3.8,7,18,0
1541,29,Clássico,89.43,Cartão,0,0,0,,17,51,1
1542,15,Clássico,73.18,Cartão,0,0,0,3.1,8,51,1
1543,6,Degustação,30.0,Boleto,0,0,1,4.3,1,41,0
1544,35,Degustação,43.55,Cartão,0,0,0,3.3,18,42,0
1545,14,Clássico,80.02,Cartão,0,1,1,2.3,12,48,0
1546,36,Degustação,41.19,Cartão,0,0,0,3.9,2,48,0
1547,42,Premium,128.67,Boleto,1,1,0,3.4,4,35,0
1548,51,Degustação,50.49,Cartão,1,0,0,3.6,8,49,0
1549,30,Degustação,47.47,Pix,1,0,1,2.2,18,34,1
1550,1,Degustação,40.8,Cartão,0,1,0,3.3,3,41,1
1551,17,Clássico,77.65,Cartão,0,2,0,,34,40,0
1552,52,Clássico,78.56,Pix,0,1,0,,3,29,0
1553,32,Clássico,67.59,Cartão,0,0,0,4.3,3,30,0
1554,38,Premium,141.38,Pix,0,0,0,4.9,32,63,0
1555,28,Degustação,49.13,Cartão,0,1,0,4.2,27,28,0
1556,10,Clássico,88.88,Pix,0,0,0,4.7,3,42,1
1557,54,Degustação,50.06,Pix,1,1,1,4.5,11,44,0
1558,47,Degustação,39.62,Pix,0,2,0,3.0,18,37,1
1559,60,Clássico,73.58,Cartão,0,2,1,3.9,0,45,1
1560,52,Degustação,41.55,Pix,1,4,1,3.7,8,42,0
1561,18,Clássico,86.18,Boleto,1,1,2,3.6,16,28,1
1562,16,Clássico,74.65,Cartão,1,1,0,3.4,39,44,1
1563,15,Clássico,74.62,Cartão,1,1,2,4.2,13,32,0
1564,56,Clássico,87.49,Pix,1,1,1,3.0,2,57,0
1565,34,Clássico,85.96,Cartão,0,2,1,2.9,0,43,0
1566,28,Degustação,30.0,Pix,0,0,0,3.7,2,30,0
1567,59,Degustação,37.37,Pix,0,0,0,4.4,18,42,0
1568,37,Degustação,39.8,Cartão,1,1,1,4.0,10,28,1
1569,55,Clássico,80.46,Pix,0,1,4,4.5,9,41,0
1570,60,Premium,119.21,Pix,0,0,1,3.5,22,36,1
1571,5,Degustação,45.52,Cartão,0,0,1,3.5,9,29,0
1572,22,Clássico,84.33,Boleto,0,3,2,,1,29,0
1573,45,Premium,132.63,Cartão,0,1,2,,8,65,0
1574,49,Premium,143.5,Cartão,0,2,2,3.2,28,39,1
1575,9,Clássico,76.98,Pix,0,1,1,2.7,1,33,1
1576,20,Clássico,78.94,Cartão,0,0,0,4.3,93,31,1
1577,33,Clássico,74.37,Pix,1,2,4,4.5,22,43,0
1578,48,Premium,129.21,Cartão,1,1,0,3.2,2,31,0
1579,7,Degustação,38.38,Cartão,0,2,2,4.2,2,26,0
1580,37,Premium,127.15,Cartão,1,2,1,,20,38,1
1581,18,Degustação,41.41,Pix,0,0,0,3.0,48,38,0
1582,13,Premium,120.83,Pix,1,0,2,3.6,0,33,0
1583,31,Degustação,36.42,Pix,0,3,1,2.8,11,28,1
1584,25,Degustação,46.2,Boleto,1,1,1,,8,34,1
1585,39,Degustação,47.98,Pix,0,1,0,,4,33,0
1586,20,Clássico,85.33,Pix,0,0,0,5.0,3,31,0
1587,50,Degustação,47.82,Cartão,0,0,0,3.2,1,41,0
1588,5,Degustação,45.09,Boleto,1,2,2,3.3,5,62,0
1589,52,Clássico,74.15,Pix,0,0,0,3.6,22,53,0
1590,2,Clássico,89.4,Boleto,0,1,0,3.1,1,59,0
1591,45,Premium,136.58,Cartão,1,0,1,4.2,30,32,0
1592,21,Premium,123.61,Cartão,1,4,4,3.1,12,56,1
1593,24,Clássico,76.79,Pix,0,0,1,3.0,1,41,0
1594,2,Degustação,34.21,Cartão,0,0,0,4.1,16,49,0
1595,43,Degustação,40.66,Cartão,0,2,3,2.9,5,43,0
1596,10,Premium,128.34,Boleto,1,0,1,4.1,6,34,0
1597,40,Degustação,42.15,Cartão,0,0,0,4.9,11,46,0
1598,44,Clássico,79.14,Cartão,0,0,0,4.4,10,43,0
1599,51,Premium,120.36,Cartão,0,1,0,4.0,42,19,0
1600,43,Premium,139.9,Cartão,0,2,2,3.3,17,37,0
1601,19,Clássico,84.31,Pix,0,1,0,3.9,8,48,0
1602,45,Clássico,79.17,Boleto,0,0,0,,6,41,0
1603,50,Clássico,76.91,Boleto,0,0,0,4.4,4,43,0
1604,20,Premium,137.08,Pix,0,0,0,,0,30,0
1605,8,Degustação,42.18,Pix,1,0,0,4.2,21,41,1
1606,54,Degustação,45.52,Cartão,0,0,0,,5,37,0
1607,9,Clássico,78.79,Boleto,0,0,0,3.7,14,36,1
1608,36,Degustação,54.98,Cartão,1,0,0,4.5,8,31,0
1609,15,Clássico,85.26,Cartão,0,1,0,4.4,17,48,1
1610,8,Degustação,50.68,Boleto,0,0,1,4.2,5,42,0
1611,47,Premium,128.78,Boleto,1,1,1,4.7,24,41,0
1612,9,Premium,120.92,Cartão,0,2,0,3.9,7,61,1
1613,41,Clássico,74.36,Pix,1,0,0,4.0,1,43,0
1614,42,Premium,139.75,Cartão,0,2,1,2.9,4,51,1
1615,4,Degustação,38.09,Cartão,0,0,1,,8,41,0
1616,11,Clássico,78.12,Cartão,0,0,1,4.6,24,34,0
1617,48,Degustação,49.75,Cartão,0,1,1,,7,26,0
1618,31,Premium,126.44,Cartão,0,0,1,5.0,1,41,0
1619,8,Premium,121.26,Cartão,0,2,1,2.8,8,18,1
1620,60,Premium,116.67,Cartão,0,0,3,3.3,9,41,0
1621,16,Premium,124.48,Cartão,0,1,1,2.1,8,41,1
1622,1,Premium,118.82,Boleto,0,2,1,4.2,64,36,1
1623,56,Degustação,49.48,Pix,0,0,0,4.5,6,37,0
1624,1,Premium,124.64,Boleto,0,0,0,4.2,17,24,0
1625,34,Clássico,79.07,Cartão,0,0,0,3.4,15,53,1
1626,60,Clássico,85.05,Pix,0,1,0,3.8,5,34,0
1627,35,Clássico,78.3,Pix,0,0,0,4.2,1,27,0
1628,36,Degustação,39.36,Cartão,1,1,1,4.3,13,44,1
1629,24,Degustação,50.94,Cartão,0,1,3,4.0,16,39,0
1630,8,Degustação,43.88,Cartão,1,1,1,4.2,13,34,0
1631,35,Degustação,35.13,Cartão,0,4,1,3.0,10,33,0
1632,54,Clássico,91.66,Cartão,1,1,2,4.6,22,38,0
1633,6,Premium,134.21,Cartão,0,1,0,4.2,6,53,0
1634,53,Clássico,77.9,Cartão,1,0,1,3.4,3,43,0
1635,25,Clássico,77.34,Pix,0,1,1,4.7,7,38,0
1636,33,Clássico,77.8,Cartão,0,1,1,4.6,27,47,0
1637,10,Clássico,69.78,Cartão,0,2,1,3.9,11,38,1
1638,38,Degustação,48.19,Pix,0,0,0,4.3,2,42,0
1639,11,Premium,126.37,Cartão,0,0,0,5.0,2,40,0
1640,17,Degustação,46.52,Cartão,1,0,1,3.1,10,44,0
1641,44,Clássico,71.74,Cartão,0,0,0,4.8,6,33,0
1642,4,Premium,131.49,Cartão,0,1,1,3.6,1,25,0
1643,27,Clássico,75.29,Cartão,0,0,1,4.8,13,48,0
1644,36,Premium,123.94,Cartão,0,0,0,4.2,23,55,0
1645,8,Degustação,43.41,Cartão,0,1,0,3.1,4,26,0
1646,18,Premium,129.46,Boleto,0,0,0,,9,40,0
1647,21,Clássico,86.95,Boleto,0,1,2,4.5,1,33,0
1648,40,Premium,142.45,Cartão,0,1,1,3.7,4,48,0
1649,59,Clássico,78.77,Cartão,0,2,3,3.2,66,41,0
1650,51,Premium,126.56,Cartão,0,2,1,3.2,17,75,0
1651,12,Premium,131.69,Pix,0,1,0,4.2,1,35,0
1652,2,Clássico,75.61,Pix,1,1,1,4.9,18,55,0
1653,4,Premium,118.04,Cartão,0,0,1,2.8,13,56,0
1654,36,Clássico,87.59,Cartão,0,0,0,5.0,8,44,0
1655,10,Clássico,89.86,Cartão,1,0,0,4.2,8,38,0
1656,14,Premium,139.64,Boleto,0,0,0,4.4,6,39,0
1657,51,Degustação,44.74,Boleto,1,1,3,3.6,1,38,0
1658,53,Clássico,87.79,Cartão,0,1,0,3.8,21,50,0
1659,51,Degustação,39.97,Pix,0,1,3,4.0,12,28,0
1660,16,Degustação,49.27,Cartão,1,0,0,3.5,4,36,0
1661,38,Premium,125.66,Pix,1,0,1,3.6,0,35,0
1662,37,Degustação,44.7,Boleto,0,2,1,4.3,0,19,0
1663,12,Degustação,46.17,Cartão,1,2,1,2.7,1,47,1
1664,34,Degustação,47.5,Cartão,1,2,2,,6,50,0
1665,32,Clássico,73.03,Pix,0,0,0,3.9,17,31,0
1666,24,Premium,136.35,Cartão,0,0,1,3.5,4,49,0
1667,46,Premium,128.14,Pix,0,1,1,5.0,15,21,0
1668,41,Degustação,36.92,Cartão,0,0,0,3.5,0,38,0
1669,32,Clássico,75.53,Boleto,0,0,1,3.4,5,37,0
1670,44,Clássico,91.7,Cartão,0,1,1,3.7,33,39,0
1671,46,Clássico,80.69,Cartão,1,1,2,3.4,8,39,0
1672,35,Clássico,77.13,Cartão,0,0,0,4.1,7,37,0
1673,17,Degustação,38.74,Cartão,0,0,0,4.2,26,34,0
1674,46,Clássico,84.03,Cartão,0,0,2,4.2,3,37,0
1675,44,Clássico,86.05,Pix,1,0,0,4.0,1,53,0
1676,60,Clássico,75.0,Cartão,0,0,1,3.7,12,32,1
1677,9,Clássico,80.54,Cartão,0,0,0,4.5,15,63,1
1678,26,Premium,133.28,Cartão,1,0,0,4.0,10,31,0
1679,56,Clássico,85.49,Cartão,0,1,0,3.6,4,41,0
1680,31,Degustação,30.0,Boleto,1,0,1,5.0,10,44,0
1681,57,Premium,133.7,Boleto,0,0,1,4.0,11,35,0
1682,1,Premium,125.83,Cartão,0,4,3,3.8,7,53,1
1683,3,Degustação,48.95,Pix,1,1,1,4.6,1,44,0
1684,48,Clássico,70.88,Pix,0,1,3,4.6,25,36,0
1685,22,Degustação,36.51,Boleto,1,0,1,4.5,32,53,0
1686,32,Clássico,79.09,Cartão,0,3,0,3.3,29,27,0
1687,26,Degustação,45.93,Cartão,0,0,1,4.1,10,32,0
1688,25,Clássico,71.2,Cartão,0,0,0,4.0,3,44,0
1689,57,Degustação,47.6,Boleto,1,1,2,2.5,9,47,0
1690,6,Clássico,72.11,Pix,0,0,2,,3,42,0
1691,47,Premium,136.64,Cartão,0,1,2,4.0,13,37,0
1692,54,Degustação,49.22,Cartão,0,2,2,,3,35,0
1693,40,Premium,123.69,Pix,0,0,1,4.0,18,50,1
1694,24,Premium,134.45,Boleto,0,0,1,4.5,4,41,0
1695,10,Premium,126.27,Cartão,0,0,2,,3,28,0
1696,41,Degustação,36.57,Pix,0,1,1,3.1,6,28,1
1697,29,Premium,131.45,Cartão,0,0,1,2.6,10,55,1
1698,9,Degustação,44.54,Cartão,1,3,1,3.3,27,30,1
1699,22,Degustação,56.69,Cartão,0,1,1,3.4,3,41,0
1700,58,Premium,125.77,Pix,0,0,1,3.6,26,53,1
1701,16,Clássico,75.06,Boleto,0,2,4,3.8,14,44,1
1702,11,Clássico,82.34,Cartão,0,0,1,3.8,11,30,1
1703,41,Degustação,57.0,Cartão,0,0,1,3.2,19,27,0
1704,12,Premium,129.35,Cartão,1,2,0,5.0,4,59,0
1705,56,Clássico,76.75,Cartão,0,0,2,4.1,5,27,0
1706,52,Clássico,74.46,Cartão,0,2,1,,0,32,0
1707,60,Premium,121.48,Cartão,1,2,1,3.2,16,42,0
1708,55,Degustação,51.91,Cartão,1,1,0,3.7,1,36,0
1709,15,Degustação,47.36,Cartão,1,2,0,3.5,23,44,1
1710,13,Clássico,79.36,Cartão,0,1,0,4.6,10,22,1
1711,21,Premium,130.73,Pix,0,1,1,3.8,17,36,1
1712,29,Degustação,37.96,Cartão,1,0,0,5.0,7,45,0
1713,53,Degustação,50.03,Pix,0,1,2,3.6,12,45,0
1714,45,Degustação,43.89,Boleto,0,3,1,3.6,0,32,0
1715,39,Premium,129.31,Pix,0,2,6,4.2,1,27,1
1716,53,Degustação,48.92,Cartão,0,2,4,4.3,13,40,0
1717,39,Clássico,70.97,Cartão,0,1,0,4.6,11,24,0
1718,23,Premium,125.22,Pix,0,0,0,3.9,8,52,0
1719,25,Degustação,40.57,Cartão,0,0,1,4.1,27,40,1
1720,32,Clássico,82.0,Cartão,0,0,0,2.6,2,30,0
1721,6,Clássico,86.92,Cartão,0,0,1,4.0,13,26,0
1722,45,Premium,128.61,Cartão,0,1,1,4.5,7,31,0
1723,40,Degustação,43.79,Cartão,0,2,3,4.1,16,21,0
1724,44,Clássico,78.45,Pix,0,0,0,4.0,9,43,0
1725,33,Degustação,46.15,Cartão,1,3,2,4.4,15,29,1
1726,47,Clássico,77.58,Cartão,0,3,3,3.1,6,42,0
1727,57,Premium,129.94,Pix,1,1,1,3.4,9,44,1
1728,35,Degustação,46.72,Cartão,1,2,4,3.3,14,49,0
1729,27,Degustação,48.46,Pix,0,0,0,3.4,3,41,0
1730,7,Premium,124.69,Cartão,1,1,2,4.2,8,50,1
1731,47,Degustação,40.95,Cartão,0,1,0,,22,53,0
1732,55,Degustação,35.6,Boleto,0,1,0,,9,41,0
1733,42,Clássico,81.61,Cartão,0,1,3,3.6,1,42,0
1734,52,Degustação,56.37,Cartão,0,2,0,3.6,4,32,0
1735,52,Degustação,62.42,Boleto,1,2,1,2.3,28,27,0
1736,48,Clássico,64.8,Pix,1,1,0,4.1,4,52,0
1737,31,Degustação,48.13,Pix,0,0,0,4.2,10,45,0
1738,6,Clássico,82.76,Cartão,1,1,0,,14,46,1
1739,1,Clássico,100.71,Cartão,0,2,0,3.5,13,32,0
1740,13,Clássico,78.14,Pix,1,0,1,3.9,16,56,1
1741,26,Degustação,35.73,Cartão,0,0,0,5.0,12,35,0
1742,45,Premium,128.1,Cartão,1,0,0,3.5,7,29,1
1743,28,Degustação,39.59,Pix,0,2,5,3.8,0,32,0
1744,2,Premium,121.96,Cartão,1,0,0,,9,55,0
1745,13,Degustação,48.56,Cartão,0,1,1,3.5,7,26,1
1746,59,Premium,145.42,Cartão,1,2,1,3.8,6,30,1
1747,60,Degustação,54.39,Cartão,1,2,1,3.5,12,70,1
1748,23,Degustação,36.51,Pix,1,1,1,3.8,3,48,0
1749,49,Clássico,78.17,Boleto,0,0,0,4.3,2,30,0
1750,44,Degustação,44.13,Cartão,0,0,0,,7,26,0
1751,56,Degustação,46.37,Cartão,0,2,2,4.1,4,20,0
1752,54,Clássico,84.21,Cartão,0,1,0,3.7,9,39,0
1753,38,Premium,136.41,Cartão,0,1,0,3.8,9,46,0
1754,24,Degustação,51.05,Cartão,1,0,0,4.3,9,55,0
1755,38,Premium,130.91,Boleto,0,3,1,3.5,7,18,0
1756,20,Premium,137.2,Cartão,0,1,2,4.2,2,23,0
1757,21,Premium,115.15,Cartão,1,0,0,,18,37,0
1758,37,Clássico,90.52,Boleto,1,0,0,4.4,1,69,0
1759,35,Clássico,85.82,Cartão,0,2,1,3.4,23,48,1
1760,35,Clássico,63.91,Boleto,1,0,1,3.5,20,42,1
1761,24,Clássico,82.94,Cartão,1,1,0,3.0,18,25,0
1762,25,Premium,111.1,Cartão,0,0,0,3.1,15,18,0
1763,1,Degustação,42.59,Boleto,1,1,3,4.9,25,38,1
1764,37,Degustação,34.05,Cartão,0,2,1,2.3,28,37,1
1765,35,Degustação,49.35,Cartão,0,0,0,4.8,6,35,0
1766,57,Premium,126.2,Cartão,0,1,2,,43,34,0
1767,31,Clássico,97.0,Pix,0,0,0,4.8,7,30,0
1768,29,Clássico,83.36,Pix,0,1,0,2.5,2,27,0
1769,5,Premium,119.35,Cartão,0,1,0,3.7,30,53,1
1770,12,Premium,127.34,Pix,0,0,0,5.0,3,28,0
1771,21,Degustação,52.87,Pix,0,1,1,4.3,1,35,0
1772,23,Premium,130.44,Cartão,0,1,1,3.6,33,38,1
1773,22,Premium,135.44,Cartão,0,1,1,2.7,1,46,0
1774,24,Degustação,44.42,Cartão,0,1,0,3.1,18,29,1
1775,47,Premium,121.03,Cartão,1,1,1,4.7,56,49,0
1776,8,Degustação,47.84,Cartão,1,2,2,3.4,14,32,1
1777,20,Clássico,70.92,Cartão,0,0,1,4.1,15,36,0
1778,10,Clássico,80.97,Cartão,0,0,3,4.3,11,56,0
1779,19,Degustação,41.68,Cartão,0,2,2,,6,27,0
1780,42,Degustação,39.08,Pix,0,0,1,4.3,3,46,0
1781,3,Degustação,52.18,Cartão,1,1,1,3.6,52,49,1
1782,21,Degustação,47.71,Boleto,0,0,0,4.3,24,41,0
1783,2,Clássico,70.04,Boleto,0,0,0,3.8,10,37,1
1784,58,Degustação,48.43,Pix,0,2,3,2.7,1,61,0
1785,44,Degustação,55.51,Boleto,0,0,1,3.8,1,38,0
1786,15,Clássico,87.63,Boleto,0,0,1,4.5,4,40,0
1787,12,Clássico,72.31,Cartão,0,2,2,3.8,3,34,0
1788,6,Clássico,79.52,Pix,0,0,0,4.1,47,40,1
1789,29,Premium,131.8,Cartão,0,2,5,,16,49,1
1790,46,Degustação,37.62,Pix,0,0,0,,1,35,0
1791,36,Premium,129.1,Cartão,1,1,2,3.9,29,18,0
1792,53,Degustação,41.14,Cartão,1,1,0,3.6,12,44,1
1793,21,Clássico,73.0,Cartão,0,0,0,4.7,6,26,0
1794,17,Premium,131.43,Boleto,0,1,2,4.0,3,46,0
1795,29,Premium,125.36,Cartão,0,0,1,3.8,21,38,0
1796,13,Clássico,75.17,Cartão,0,2,2,2.7,13,48,1
1797,59,Clássico,89.4,Cartão,0,0,0,,2,28,0
1798,12,Degustação,46.11,Cartão,0,0,0,3.7,22,32,0
1799,29,Clássico,79.72,Pix,0,1,1,3.9,47,34,0
1800,32,Premium,138.68,Pix,0,0,0,5.0,2,22,0
1801,4,Premium,128.28,Cartão,0,2,2,,7,50,1
1802,29,Clássico,75.09,Cartão,0,2,2,4.6,2,20,0
1803,28,Degustação,41.05,Cartão,0,1,0,3.5,27,50,0
1804,16,Clássico,70.98,Cartão,0,0,0,4.7,2,43,0
1805,8,Degustação,50.48,Pix,1,2,2,3.6,2,36,1
1806,3,Degustação,43.69,Pix,0,2,5,3.8,28,42,1
1807,1,Degustação,38.05,Cartão,0,2,2,4.8,6,41,1
1808,29,Clássico,65.9,Pix,1,2,5,3.4,32,34,1
1809,6,Degustação,45.46,Cartão,0,0,2,4.1,1,41,0
1810,58,Degustação,46.19,Pix,1,0,0,3.6,16,46,0
1811,15,Degustação,51.54,Cartão,0,0,1,4.6,15,28,1
1812,40,Premium,141.42,Pix,0,2,0,3.3,3,42,0
1813,41,Clássico,70.24,Cartão,1,1,0,4.5,1,18,0
1814,30,Degustação,47.75,Boleto,0,0,0,3.1,0,18,0
1815,54,Degustação,48.23,Cartão,0,2,2,3.9,22,44,0
1816,7,Clássico,79.78,Cartão,0,0,1,3.7,31,33,0
1817,15,Degustação,47.24,Cartão,0,1,1,4.3,10,29,0
1818,16,Clássico,85.86,Cartão,1,0,2,4.1,5,37,1
1819,9,Clássico,75.08,Cartão,1,0,1,3.8,1,34,1
1820,18,Premium,123.47,Pix,0,1,0,3.6,8,27,1
1821,19,Degustação,43.68,Pix,0,3,3,,36,20,1
1822,46,Clássico,89.99,Cartão,0,2,1,4.1,24,18,1
1823,19,Degustação,39.99,Pix,1,2,0,,10,46,1
1824,53,Premium,134.2,Pix,0,1,2,3.7,1,33,0
1825,47,Premium,128.58,Cartão,0,0,0,4.3,11,49,0
1826,55,Clássico,73.98,Cartão,0,0,0,5.0,1,33,0
1827,7,Clássico,77.33,Cartão,1,1,0,3.8,26,42,1
1828,60,Degustação,47.02,Cartão,0,0,0,4.0,21,37,0
1829,37,Premium,126.71,Pix,0,2,1,3.8,21,38,1
1830,59,Clássico,71.44,Boleto,1,3,2,2.1,0,39,1
1831,22,Degustação,42.67,Pix,0,1,1,3.1,3,33,0
1832,58,Clássico,85.94,Cartão,0,2,2,3.4,21,24,0
1833,36,Clássico,93.68,Pix,1,1,1,3.4,9,46,0
1834,5,Premium,133.43,Pix,1,1,2,2.9,12,56,1
1835,25,Clássico,66.67,Cartão,0,1,1,4.4,5,56,0
1836,9,Clássico,76.58,Pix,1,2,3,3.8,17,32,1
1837,57,Clássico,87.85,Cartão,1,0,0,4.2,10,30,0
1838,19,Degustação,56.83,Cartão,0,2,4,3.2,13,32,1
1839,14,Degustação,54.4,Cartão,0,2,5,3.6,6,36,1
1840,34,Degustação,49.43,Cartão,0,1,2,4.2,4,37,1
1841,26,Premium,126.91,Boleto,0,0,0,3.9,0,27,0
1842,6,Clássico,68.87,Cartão,0,1,1,4.1,1,22,0
1843,49,Clássico,82.97,Cartão,0,2,0,,2,39,0
1844,51,Degustação,47.65,Cartão,1,1,2,3.9,1,18,0
1845,45,Degustação,44.38,Cartão,0,3,1,4.0,18,37,1
1846,38,Clássico,87.55,Cartão,0,0,0,4.8,15,28,0
1847,25,Degustação,36.17,Cartão,0,0,0,4.9,4,47,0
1848,33,Degustação,43.49,Pix,0,1,0,4.0,10,50,0
1849,32,Premium,110.37,Cartão,0,1,1,3.9,9,50,0
1850,10,Degustação,45.71,Pix,0,1,2,3.6,26,34,0
1851,5,Degustação,46.61,Cartão,0,2,1,2.5,1,26,1
1852,16,Clássico,79.55,Pix,0,1,0,3.0,37,29,1
1853,28,Premium,107.56,Pix,1,2,0,3.5,0,41,0
1854,10,Degustação,48.29,Cartão,0,1,2,3.8,16,20,1
1855,7,Premium,137.91,Cartão,1,0,0,4.9,1,53,0
1856,52,Premium,137.61,Boleto,0,1,0,4.6,18,34,0
1857,23,Clássico,82.85,Cartão,1,4,4,2.7,3,44,1
1858,36,Clássico,91.33,Pix,0,1,0,4.3,5,18,0
1859,32,Clássico,92.64,Cartão,0,0,0,3.8,28,28,0
1860,45,Clássico,78.57,Cartão,0,3,1,3.8,16,18,1
1861,45,Clássico,75.27,Cartão,0,0,0,4.6,12,49,1
1862,18,Clássico,72.56,Boleto,1,1,1,4.6,14,36,0
1863,51,Degustação,51.45,Cartão,0,1,2,3.6,8,44,0
1864,23,Degustação,40.15,Pix,0,0,0,4.7,3,39,0
1865,51,Clássico,85.84,Pix,0,3,3,2.2,33,43,1
1866,25,Degustação,40.22,Cartão,0,1,1,4.6,28,34,0
1867,7,Clássico,69.4,Cartão,0,1,0,3.8,22,36,1
1868,46,Clássico,77.23,Cartão,1,1,0,,7,37,0
1869,2,Premium,142.21,Cartão,0,0,1,2.9,14,42,1
1870,47,Degustação,55.16,Pix,1,2,0,3.4,1,43,0
1871,3,Clássico,79.72,Cartão,0,0,0,4.9,5,69,0
1872,13,Clássico,75.48,Cartão,0,2,0,,4,56,1
1873,37,Degustação,50.4,Pix,0,0,0,4.5,12,18,0
1874,57,Degustação,42.26,Pix,1,3,0,3.4,1,36,0
1875,25,Degustação,44.25,Cartão,0,4,1,3.7,6,34,0
1876,8,Degustação,44.28,Pix,0,0,1,4.2,4,52,0
1877,14,Degustação,45.22,Cartão,0,1,1,3.3,3,35,0
1878,54,Clássico,80.96,Pix,0,0,0,4.1,13,43,0
1879,44,Clássico,96.95,Cartão,0,0,0,5.0,4,18,0
1880,7,Degustação,48.31,Cartão,1,1,0,4.1,21,21,0
1881,24,Degustação,62.74,Cartão,0,1,0,3.8,2,61,0
1882,16,Degustação,46.33,Pix,1,0,0,5.0,1,39,0
1883,11,Clássico,78.15,Pix,0,0,0,4.8,4,27,0
1884,51,Degustação,49.64,Cartão,0,2,3,4.1,1,41,0
1885,38,Clássico,75.95,Boleto,1,1,2,4.0,2,26,1
1886,11,Degustação,33.19,Pix,1,3,2,3.8,31,35,0
1887,40,Degustação,41.61,Cartão,0,1,1,4.3,2,22,0
1888,25,Premium,128.88,Pix,0,0,0,2.8,1,29,0
1889,4,Degustação,53.6,Cartão,0,0,0,4.3,6,33,0
1890,27,Degustação,47.82,Boleto,0,0,0,4.0,3,50,0
1891,12,Degustação,30.0,Cartão,0,0,1,3.8,30,43,1
1892,15,Premium,119.95,Cartão,0,1,0,3.7,28,45,1
1893,53,Clássico,86.11,Cartão,0,3,6,2.4,28,38,1
1894,43,Clássico,80.68,Cartão,1,1,1,2.8,20,47,0
1895,9,Premium,126.06,Pix,0,1,0,4.6,5,28,0
1896,52,Degustação,49.72,Cartão,1,3,1,3.6,5,30,0
1897,35,Premium,129.08,Cartão,0,2,3,,12,42,0
1898,53,Degustação,58.43,Cartão,0,3,2,3.0,2,35,0
1899,45,Clássico,89.08,Boleto,1,0,0,4.6,4,38,0
1900,21,Clássico,80.15,Pix,0,0,0,3.9,3,36,0
1901,33,Degustação,31.03,Cartão,1,1,1,4.6,10,52,0
1902,32,Premium,121.95,Cartão,0,1,0,4.5,15,52,0
1903,44,Degustação,55.64,Cartão,0,3,0,2.5,4,31,1
1904,15,Premium,140.54,Boleto,0,0,1,4.0,1,19,0
1905,20,Degustação,30.0,Pix,0,1,1,,5,30,0
1906,15,Clássico,77.26,Pix,0,2,1,2.8,6,28,1
1907,18,Premium,144.68,Boleto,0,2,1,2.7,64,47,1
1908,10,Degustação,51.57,Cartão,1,1,0,,6,48,1
1909,3,Premium,132.35,Pix,0,0,1,3.7,2,27,0
1910,57,Clássico,66.51,Cartão,0,1,0,4.0,3,30,0
1911,5,Clássico,67.66,Cartão,1,1,4,,14,22,0
1912,54,Degustação,44.94,Cartão,1,0,0,4.4,12,39,0
1913,1,Clássico,66.15,Cartão,1,1,0,4.3,19,38,0
1914,47,Clássico,81.66,Boleto,1,0,1,3.9,6,47,0
1915,20,Clássico,69.46,Cartão,1,0,0,4.5,20,43,0
1916,32,Degustação,30.0,Pix,0,0,0,4.0,8,45,0
1917,17,Degustação,48.12,Pix,0,4,1,2.8,24,21,1
1918,30,Premium,128.92,Pix,0,2,3,4.7,30,31,1
1919,28,Degustação,53.06,Boleto,1,2,0,2.2,53,48,1
1920,32,Clássico,87.79,Cartão,0,1,2,2.7,3,32,0
1921,24,Premium,119.94,Cartão,0,0,1,4.3,1,20,0
1922,33,Degustação,47.55,Cartão,1,1,1,3.7,2,47,0
1923,50,Degustação,49.09,Cartão,0,2,0,2.7,62,32,1
1924,27,Clássico,79.21,Boleto,0,2,2,3.0,5,50,0
1925,22,Degustação,42.12,Cartão,1,2,3,3.0,1,38,1
1926,8,Clássico,77.29,Cartão,0,0,1,4.6,5,35,0
1927,22,Clássico,73.09,Cartão,0,0,1,4.8,7,53,0
1928,8,Clássico,83.36,Cartão,0,0,1,5.0,76,24,0
1929,11,Degustação,31.97,Pix,0,1,1,2.9,8,54,0
1930,58,Clássico,73.37,Cartão,0,1,0,3.0,7,31,0
1931,6,Clássico,72.1,Pix,0,2,1,2.7,11,40,0
1932,29,Degustação,49.84,Pix,0,1,2,4.6,3,40,0
1933,51,Clássico,87.32,Pix,0,1,3,4.1,5,33,1
1934,58,Premium,139.83,Cartão,0,2,2,3.6,34,30,0
1935,9,Clássico,81.48,Pix,0,0,0,4.2,14,34,1
1936,10,Clássico,77.36,Cartão,0,1,0,3.8,5,27,0
1937,23,Degustação,57.25,Cartão,1,1,1,3.2,17,60,0
1938,34,Degustação,52.91,Pix,1,0,0,4.4,1,33,0
1939,58,Degustação,31.08,Pix,1,1,1,,20,51,0
1940,13,Degustação,34.4,Cartão,0,0,0,3.4,11,49,0
1941,10,Premium,129.53,Boleto,0,0,1,4.4,31,42,1
1942,16,Degustação,39.08,Cartão,0,2,0,3.3,0,37,0
1943,53,Premium,126.98,Pix,0,1,0,4.0,7,40,0
1944,2,Degustação,33.85,Boleto,0,1,0,3.8,7,44,0
1945,23,Degustação,45.31,Cartão,0,0,1,4.6,51,39,0
1946,8,Clássico,83.49,Pix,1,3,0,3.5,30,21,1
1947,10,Degustação,47.75,Pix,0,0,0,3.6,15,18,0
1948,56,Premium,132.37,Pix,0,0,0,4.3,7,55,0
1949,1,Premium,124.9,Pix,0,2,2,3.8,7,18,1
1950,20,Premium,130.03,Pix,0,1,1,4.2,12,40,0
1951,55,Degustação,34.99,Cartão,0,1,1,4.5,4,35,0
1952,37,Premium,118.9,Pix,0,0,1,3.7,9,40,0
1953,5,Degustação,50.44,Cartão,0,2,1,,15,25,1
1954,28,Premium,136.61,Boleto,1,0,1,3.1,10,42,0
1955,59,Clássico,79.06,Cartão,0,1,1,3.8,10,40,0
1956,25,Degustação,49.21,Cartão,0,1,0,3.7,6,68,0
1957,32,Degustação,41.16,Boleto,0,0,1,5.0,4,39,1
1958,32,Degustação,43.79,Cartão,0,0,2,4.0,4,53,0
1959,40,Degustação,31.35,Cartão,0,0,0,4.5,15,22,0
1960,12,Premium,128.27,Pix,0,1,1,2.8,12,49,1
1961,51,Premium,137.11,Cartão,0,1,2,3.6,3,40,0
1962,60,Premium,127.59,Cartão,1,1,2,,13,41,0
1963,9,Degustação,42.67,Cartão,0,0,0,,10,41,0
1964,50,Clássico,81.68,Cartão,1,2,2,,0,57,0
1965,50,Degustação,45.05,Cartão,0,0,0,,5,41,0
1966,45,Clássico,73.28,Cartão,0,1,4,3.9,7,29,0
1967,23,Degustação,46.18,Cartão,0,0,0,3.1,5,31,0
1968,29,Degustação,47.65,Cartão,0,1,1,3.5,38,47,0
1969,51,Clássico,93.49,Cartão,0,2,0,3.8,5,43,0
1970,10,Degustação,46.71,Pix,0,1,0,,11,21,0
1971,50,Clássico,74.94,Pix,0,1,1,,15,44,0
1972,56,Clássico,89.89,Cartão,0,0,0,3.8,25,26,0
1973,41,Degustação,43.15,Cartão,1,1,0,4.5,8,43,0
1974,21,Premium,128.05,Boleto,0,0,2,4.5,1,29,1
1975,34,Clássico,77.68,Pix,0,0,2,4.8,8,35,0
1976,4,Premium,120.51,Cartão,0,1,0,3.3,21,32,0
1977,56,Clássico,84.65,Cartão,0,2,0,4.4,1,55,0
1978,21,Clássico,84.14,Cartão,1,0,0,4.1,17,42,1
1979,4,Clássico,87.03,Pix,0,1,1,4.8,8,52,0
1980,48,Premium,134.32,Boleto,0,2,2,3.6,10,70,1
1981,40,Clássico,73.12,Boleto,0,1,5,,1,39,0
1982,38,Degustação,47.0,Cartão,0,1,1,4.4,4,55,0
1983,4,Degustação,52.01,Cartão,1,2,2,3.3,3,30,1
1984,46,Clássico,86.53,Cartão,0,0,0,3.9,3,52,0
1985,39,Degustação,44.33,Cartão,0,2,0,2.7,23,29,0
1986,48,Degustação,47.22,Cartão,0,1,0,4.8,5,38,0
1987,50,Degustação,43.7,Pix,1,1,0,3.5,18,44,0
1988,13,Clássico,91.93,Cartão,1,0,0,5.0,36,46,0
1989,13,Degustação,40.47,Boleto,0,1,2,3.6,4,24,1
1990,56,Clássico,77.19,Cartão,0,0,0,3.5,8,28,0
1991,32,Premium,122.87,Cartão,0,0,1,4.9,32,45,0
1992,27,Premium,125.6,Boleto,1,2,1,,25,34,1
1993,18,Degustação,48.66,Pix,0,0,3,4.1,7,23,0
1994,39,Clássico,79.24,Cartão,0,1,1,3.1,9,37,0
1995,46,Clássico,75.34,Pix,0,2,0,3.3,25,37,0
1996,1,Clássico,76.57,Cartão,0,1,0,4.1,14,40,1
1997,34,Clássico,90.98,Cartão,1,1,2,3.1,1,44,0
1998,60,Degustação,41.11,Cartão,1,4,1,,48,43,0
1999,17,Premium,129.01,Cartão,1,2,1,3.3,6,30,1
2000,17,Degustação,47.7,Pix,0,0,0,4.1,3,33,0
