id_passageiro,classe,sexo,idade,irmaos_conjuge,pais_filhos,tarifa,porto_embarque,sobreviveu
2,1,masculino,47.0,0,0,49.45,Southampton,1
3,3,masculino,21.0,1,0,9.61,Southampton,0
4,2,feminino,17.0,0,1,94.21,Southampton,1
5,3,masculino,26.0,0,0,10.97,Queenstown,0
6,3,masculino,14.0,1,0,15.89,Southampton,0
7,2,masculino,13.0,0,0,10.8,Southampton,0
9,2,masculino,7.0,0,1,9.5,Cherbourg,0
10,3,feminino,32.0,0,0,8.02,Southampton,0
11,3,masculino,5.0,0,2,21.5,Queenstown,0
12,3,feminino,41.0,0,0,12.91,Cherbourg,0
13,3,masculino,23.0,0,4,17.7,Southampton,0
14,3,feminino,21.0,0,0,7.95,Southampton,0
15,1,feminino,27.0,0,0,96.72,Cherbourg,1
16,2,masculino,19.0,0,0,19.52,Southampton,1
17,3,feminino,30.0,1,0,8.71,Cherbourg,0
18,2,feminino,54.0,0,0,37.56,Southampton,0
19,3,masculino,20.0,0,0,4.53,Southampton,0
20,1,feminino,2.0,0,2,145.72,Cherbourg,1
21,2,masculino,5.0,0,1,37.76,Southampton,0
24,3,feminino,28.0,0,0,14.5,Queenstown,1
26,3,masculino,30.0,0,0,53.54,Southampton,0
28,3,feminino,23.0,0,0,4.61,Southampton,0
29,2,feminino,27.0,3,0,36.92,Southampton,1
30,1,masculino,34.0,0,0,34.12,Cherbourg,0
31,3,masculino,44.0,0,0,9.84,Southampton,0
32,3,feminino,25.0,1,1,13.78,Southampton,0
33,2,masculino,41.0,0,0,17.68,Southampton,0
35,1,masculino,63.0,1,0,80.55,Southampton,1
37,3,masculino,7.0,0,2,6.11,Southampton,0
38,2,masculino,29.0,1,0,51.7,Southampton,0
39,1,masculino,23.0,0,0,52.94,Cherbourg,1
40,3,masculino,20.0,1,0,20.26,Southampton,1
42,2,feminino,28.0,0,0,8.6,Southampton,1
43,3,masculino,28.0,0,0,3.73,Southampton,0
45,2,masculino,29.0,1,2,66.67,Southampton,0
46,1,masculino,16.0,0,0,49.6,Southampton,0
47,1,masculino,42.0,3,1,109.47,Cherbourg,0
48,2,masculino,25.0,5,0,59.35,Southampton,0
50,1,feminino,60.0,1,0,40.21,Cherbourg,0
51,3,masculino,34.0,1,0,11.87,Southampton,0
52,3,masculino,24.0,1,0,9.88,Southampton,0
54,3,masculino,17.0,0,1,21.21,Southampton,0
55,3,masculino,10.0,0,2,19.46,Southampton,0
56,2,feminino,32.0,0,0,13.18,Southampton,1
57,1,masculino,39.0,1,0,48.04,Southampton,0
59,3,masculino,15.0,0,0,11.18,Cherbourg,1
61,3,masculino,34.0,0,1,5.6,Southampton,0
63,3,masculino,37.0,0,2,9.78,Queenstown,0
64,2,masculino,33.0,3,0,75.63,Southampton,0
65,2,masculino,23.0,0,2,22.79,Southampton,1
66,1,masculino,9.0,0,2,59.41,Southampton,0
67,2,feminino,8.0,0,2,24.26,Southampton,1
68,3,masculino,9.0,0,2,19.56,Southampton,1
69,2,masculino,6.0,0,2,45.5,Southampton,1
70,1,masculino,30.0,0,0,73.22,Southampton,0
71,1,masculino,17.0,0,0,56.75,Southampton,0
74,3,feminino,21.0,0,0,11.95,Southampton,0
76,1,feminino,35.0,0,4,147.43,Cherbourg,0
78,1,masculino,29.0,0,0,57.53,Cherbourg,0
79,2,masculino,44.0,0,0,10.51,Southampton,0
80,3,feminino,31.0,0,0,10.35,Southampton,0
81,1,masculino,28.0,0,0,48.89,Southampton,1
82,2,masculino,39.0,0,0,10.67,Southampton,1
84,2,feminino,27.0,0,1,16.41,Southampton,1
85,3,masculino,11.0,0,2,11.44,Queenstown,1
86,1,masculino,45.0,1,1,64.96,Southampton,0
87,3,feminino,37.0,4,2,21.63,Southampton,0
88,3,feminino,16.0,0,2,14.99,Southampton,0
91,3,feminino,59.0,0,2,14.07,Southampton,0
93,3,masculino,22.0,0,3,14.44,Queenstown,0
94,1,feminino,32.0,0,0,24.7,Southampton,1
95,1,masculino,65.0,0,0,88.23,Cherbourg,0
96,3,feminino,26.0,0,0,8.34,Southampton,0
97,3,masculino,20.0,1,2,16.91,Queenstown,1
98,3,masculino,23.0,0,0,10.06,Cherbourg,1
99,3,masculino,25.0,4,2,23.44,Southampton,0
100,1,masculino,54.0,1,0,120.75,Southampton,0
102,2,feminino,34.0,1,4,57.1,Cherbourg,0
103,3,feminino,34.0,0,0,12.44,Cherbourg,0
104,2,masculino,20.0,0,0,15.51,Southampton,0
105,2,masculino,30.0,0,1,36.32,Southampton,0
106,2,masculino,39.0,0,0,18.55,Southampton,0
107,2,masculino,38.0,3,0,18.26,Southampton,0
110,1,masculino,26.0,0,0,57.78,Cherbourg,1
111,1,masculino,48.0,0,0,51.34,Cherbourg,0
112,2,masculino,7.0,1,2,47.76,Southampton,1
113,3,feminino,30.0,0,0,9.09,Southampton,0
114,3,masculino,7.0,0,2,27.93,Southampton,0
116,1,masculino,41.0,0,0,47.77,Southampton,1
117,1,masculino,4.0,0,1,61.08,Southampton,1
118,3,masculino,9.0,0,3,14.99,Southampton,0
119,3,feminino,23.0,1,0,13.27,Southampton,1
120,2,feminino,28.0,0,0,15.31,Southampton,0
121,3,feminino,34.0,0,0,7.13,Southampton,0
122,1,masculino,37.0,1,0,80.77,Cherbourg,0
123,1,masculino,37.0,0,0,50.98,Cherbourg,0
124,3,feminino,48.0,0,1,18.65,Southampton,0
126,1,masculino,38.0,1,1,119.47,Cherbourg,1
127,1,masculino,25.0,0,0,37.95,Southampton,0
128,2,masculino,29.0,0,2,28.59,Southampton,1
129,3,masculino,37.0,1,0,10.53,Southampton,0
130,3,feminino,18.0,0,0,12.09,Southampton,0
131,3,masculino,34.0,0,0,13.8,Queenstown,0
132,1,masculino,28.0,1,3,334.61,Southampton,1
133,3,feminino,37.0,2,0,13.31,Queenstown,0
134,2,masculino,7.0,1,1,12.5,Southampton,1
135,3,feminino,14.0,4,2,38.65,Southampton,0
136,3,masculino,14.0,1,1,6.3,Southampton,0
137,2,masculino,20.0,4,0,99.54,Southampton,0
138,1,masculino,35.0,0,0,100.79,Cherbourg,1
139,3,feminino,27.0,0,0,12.52,Southampton,1
140,1,masculino,24.0,0,0,55.21,Cherbourg,1
141,3,masculino,26.0,0,0,8.46,Southampton,0
142,2,masculino,63.0,0,0,27.0,Southampton,0
143,3,feminino,39.0,1,0,12.36,Southampton,0
144,1,masculino,37.0,1,0,45.42,Southampton,0
145,1,feminino,42.0,1,0,138.03,Southampton,1
146,3,feminino,30.0,0,0,13.5,Cherbourg,0
147,2,feminino,9.0,4,2,45.37,Southampton,0
148,1,masculino,62.0,1,0,41.16,Southampton,1
150,3,feminino,10.0,0,2,7.13,Queenstown,1
151,1,masculino,39.0,0,0,24.99,Cherbourg,1
154,3,masculino,31.0,0,0,6.01,Cherbourg,1
155,3,feminino,23.0,1,0,11.45,Cherbourg,0
157,3,masculino,7.0,0,1,9.92,Queenstown,1
158,1,masculino,42.0,0,0,65.32,Southampton,0
159,3,feminino,2.0,0,1,14.89,Queenstown,1
160,3,feminino,30.0,1,0,22.63,Southampton,0
161,1,masculino,50.0,0,1,109.37,Cherbourg,0
162,1,feminino,12.0,0,2,159.49,Cherbourg,1
166,3,masculino,12.0,1,1,11.69,Southampton,0
167,3,masculino,26.0,0,1,3.42,Southampton,1
168,3,feminino,0.0,0,1,10.22,Queenstown,1
169,3,masculino,30.0,1,0,7.17,Southampton,0
170,3,masculino,32.0,1,0,13.06,Cherbourg,0
171,3,masculino,32.0,0,0,8.42,Southampton,0
172,2,feminino,53.0,1,0,20.87,Southampton,1
173,2,masculino,30.0,0,1,11.17,Southampton,0
175,2,masculino,4.0,1,1,16.09,Southampton,1
176,2,feminino,42.0,0,1,45.93,Cherbourg,1
177,3,feminino,33.0,0,0,3.85,Cherbourg,0
178,3,masculino,44.0,0,0,4.76,Queenstown,1
179,3,feminino,27.0,0,0,13.09,Southampton,1
180,1,feminino,30.0,1,0,106.27,Southampton,1
181,2,masculino,1.0,0,2,18.15,Southampton,0
182,1,masculino,33.0,0,0,29.56,Southampton,0
184,3,masculino,16.0,0,0,14.59,Queenstown,0
187,3,masculino,29.0,0,0,17.54,Southampton,0
188,3,masculino,29.0,0,1,11.11,Southampton,1
189,1,feminino,49.0,0,0,96.46,Southampton,1
190,1,feminino,16.0,1,0,124.9,Cherbourg,1
191,3,masculino,35.0,1,2,16.72,Southampton,0
192,3,masculino,22.0,0,0,13.16,Southampton,0
193,3,masculino,42.0,1,1,6.9,Southampton,0
194,1,feminino,48.0,1,0,94.34,Cherbourg,1
195,3,feminino,16.0,0,0,15.64,Southampton,0
196,3,feminino,0.0,1,1,12.21,Southampton,0
197,3,feminino,21.0,0,0,6.7,Cherbourg,0
198,1,masculino,44.0,0,0,142.47,Southampton,1
199,1,masculino,49.0,1,0,101.01,Southampton,1
200,3,feminino,22.0,0,2,14.02,Cherbourg,0
201,3,feminino,31.0,2,0,18.72,Cherbourg,0
202,3,feminino,27.0,0,1,6.87,Southampton,0
203,1,feminino,16.0,0,1,75.57,Southampton,1
204,3,feminino,46.0,0,2,13.92,Queenstown,0
205,3,masculino,24.0,0,0,19.78,Southampton,0
206,2,feminino,31.0,0,2,40.04,Cherbourg,1
207,3,masculino,22.0,0,1,19.72,Southampton,0
208,1,feminino,44.0,1,1,105.59,Southampton,1
212,3,feminino,44.0,0,1,11.85,Southampton,0
213,3,feminino,17.0,0,0,17.71,Southampton,1
215,2,masculino,43.0,1,0,22.68,Southampton,0
216,3,masculino,7.0,1,1,15.89,Southampton,0
217,1,masculino,1.0,0,2,202.51,Southampton,0
218,3,feminino,5.0,0,2,24.86,Southampton,1
219,3,feminino,12.0,0,2,16.52,Queenstown,1
220,3,masculino,0.0,1,2,16.32,Southampton,0
221,1,feminino,42.0,1,2,217.85,Southampton,1
222,3,feminino,28.0,0,0,7.6,Southampton,0
223,3,masculino,20.0,1,0,6.85,Southampton,0
225,2,feminino,21.0,0,0,18.53,Southampton,0
227,3,masculino,29.0,5,0,18.34,Southampton,0
228,3,feminino,30.0,0,0,7.37,Cherbourg,1
229,1,masculino,29.0,0,1,74.8,Southampton,0
230,2,feminino,12.0,0,1,36.12,Southampton,0
231,1,masculino,42.0,0,1,69.76,Cherbourg,0
232,3,masculino,13.0,0,0,4.91,Cherbourg,0
234,1,masculino,48.0,0,0,90.02,Southampton,0
235,3,feminino,35.0,1,0,8.86,Southampton,0
236,1,feminino,8.0,0,1,83.21,Southampton,1
237,1,masculino,42.0,1,0,72.34,Southampton,0
238,3,masculino,29.0,1,0,25.26,Queenstown,0
240,1,masculino,21.0,1,0,99.91,Southampton,0
241,3,masculino,12.0,1,1,18.78,Southampton,1
242,2,masculino,30.0,1,0,49.1,Southampton,0
244,3,feminino,22.0,3,0,17.54,Southampton,0
245,3,masculino,26.0,1,1,25.41,Queenstown,0
247,3,masculino,7.0,0,2,15.9,Southampton,0
248,3,masculino,28.0,0,0,10.99,Southampton,0
249,2,masculino,29.0,2,0,30.91,Southampton,0
250,3,masculino,29.0,0,0,10.16,Southampton,0
251,2,masculino,30.0,3,0,25.15,Southampton,1
252,3,masculino,43.0,1,1,12.9,Southampton,1
253,2,masculino,46.0,1,0,14.01,Southampton,0
255,3,feminino,4.0,2,2,25.16,Southampton,1
256,2,feminino,34.0,0,2,15.25,Southampton,1
260,1,masculino,57.0,1,0,47.36,Southampton,0
261,1,feminino,5.0,1,1,118.98,Southampton,1
262,1,masculino,24.0,0,0,80.33,Cherbourg,0
263,2,masculino,33.0,0,0,34.06,Southampton,0
264,3,masculino,30.0,0,0,2.87,Southampton,0
265,3,feminino,12.0,1,2,17.57,Southampton,1
266,2,feminino,16.0,3,0,30.9,Southampton,1
267,3,feminino,37.0,0,0,3.48,Southampton,1
268,3,masculino,4.0,0,1,13.36,Southampton,0
269,3,masculino,12.0,1,1,12.98,Queenstown,0
270,3,masculino,35.0,0,0,14.8,Southampton,0
271,1,masculino,48.0,0,1,116.28,Cherbourg,1
274,3,feminino,18.0,0,0,9.22,Southampton,1
275,3,masculino,26.0,0,0,10.11,Southampton,0
277,3,masculino,29.0,0,0,16.87,Southampton,0
279,3,masculino,16.0,0,0,6.72,Cherbourg,0
280,2,masculino,34.0,0,0,13.91,Southampton,0
281,3,masculino,52.0,0,0,11.93,Cherbourg,0
283,3,feminino,7.0,1,2,22.72,Southampton,1
287,2,masculino,35.0,0,0,12.18,Southampton,0
288,3,feminino,30.0,0,0,4.83,Southampton,0
289,1,masculino,35.0,4,0,94.21,Cherbourg,0
290,2,feminino,22.0,3,0,42.34,Southampton,1
291,3,feminino,16.0,0,0,4.66,Cherbourg,1
293,3,masculino,8.0,3,1,19.26,Southampton,0
295,3,masculino,21.0,0,1,12.65,Southampton,0
296,2,feminino,30.0,0,1,24.46,Southampton,1
297,1,masculino,29.0,0,0,37.35,Southampton,0
299,1,masculino,55.0,0,0,39.12,Cherbourg,1
300,3,masculino,29.0,0,1,15.83,Queenstown,0
301,2,masculino,28.0,0,0,25.62,Southampton,1
302,2,masculino,58.0,1,0,14.59,Southampton,0
303,3,feminino,19.0,1,0,16.51,Southampton,0
304,3,masculino,12.0,2,2,15.02,Southampton,0
305,1,feminino,43.0,0,0,32.8,Cherbourg,1
306,1,feminino,47.0,0,4,76.42,Cherbourg,1
307,3,masculino,14.0,0,1,7.98,Southampton,1
308,2,masculino,37.0,1,0,21.92,Southampton,0
309,3,masculino,56.0,0,0,16.79,Southampton,0
310,1,masculino,57.0,0,0,101.69,Cherbourg,1
311,1,masculino,24.0,0,0,37.29,Southampton,1
312,3,masculino,9.0,0,1,6.2,Southampton,0
313,1,feminino,35.0,0,0,92.27,Southampton,1
314,3,feminino,25.0,0,0,9.44,Southampton,0
315,1,masculino,42.0,0,0,54.08,Cherbourg,0
316,3,feminino,11.0,0,1,10.2,Queenstown,1
317,3,feminino,1.0,0,1,18.09,Southampton,1
318,3,masculino,15.0,0,1,6.4,Cherbourg,0
319,3,masculino,23.0,0,0,9.86,Southampton,0
320,3,masculino,13.0,0,0,6.88,Southampton,0
321,3,masculino,7.0,0,2,14.55,Queenstown,1
322,1,feminino,26.0,1,0,88.01,Southampton,1
323,3,feminino,32.0,3,0,12.82,Southampton,1
324,3,feminino,23.0,0,0,4.43,Queenstown,0
325,3,masculino,20.0,0,0,15.94,Southampton,0
326,3,masculino,12.0,0,2,12.89,Southampton,0
327,3,feminino,22.0,1,0,13.12,Southampton,0
328,1,masculino,33.0,0,0,66.29,Southampton,0
329,3,masculino,37.0,1,0,10.19,Southampton,0
330,1,masculino,38.0,0,0,183.86,Cherbourg,0
331,2,masculino,20.0,1,1,13.1,Southampton,0
333,2,masculino,19.0,0,0,16.56,Southampton,0
334,3,feminino,34.0,0,1,13.91,Southampton,0
338,3,feminino,32.0,0,0,7.49,Southampton,0
339,3,masculino,24.0,0,2,10.69,Southampton,0
340,1,masculino,45.0,1,0,26.23,Cherbourg,0
341,3,feminino,4.0,0,1,10.48,Cherbourg,1
343,1,feminino,39.0,0,0,20.64,Cherbourg,1
344,3,masculino,32.0,0,0,8.42,Queenstown,0
345,3,masculino,22.0,0,0,7.96,Southampton,0
346,3,feminino,6.0,1,1,13.5,Queenstown,1
347,1,masculino,58.0,1,0,97.89,Southampton,0
348,3,feminino,4.0,0,2,9.77,Southampton,1
349,2,feminino,29.0,1,0,33.03,Queenstown,0
350,2,feminino,22.0,2,1,28.33,Southampton,1
351,2,masculino,34.0,0,0,11.52,Southampton,1
352,3,masculino,32.0,0,0,20.07,Southampton,0
353,3,feminino,32.0,0,0,5.73,Queenstown,0
356,3,feminino,30.0,0,0,12.56,Southampton,0
357,1,feminino,5.0,0,1,144.61,Southampton,1
358,3,masculino,12.0,1,2,26.53,Queenstown,1
359,2,masculino,10.0,1,2,27.71,Southampton,1
360,3,masculino,41.0,0,0,9.91,Southampton,0
362,3,masculino,41.0,0,1,7.42,Southampton,0
363,2,masculino,12.0,0,2,32.26,Cherbourg,1
365,3,feminino,41.0,0,0,10.81,Southampton,0
366,1,masculino,45.0,0,0,82.75,Cherbourg,1
367,1,feminino,41.0,1,0,79.31,Southampton,1
368,3,masculino,27.0,0,0,6.43,Southampton,0
369,3,masculino,26.0,5,0,24.83,Southampton,0
370,3,feminino,24.0,0,1,7.25,Southampton,0
371,3,masculino,20.0,0,1,8.67,Queenstown,0
372,2,masculino,20.0,1,0,20.07,Southampton,0
374,3,masculino,22.0,1,0,8.34,Southampton,0
375,2,masculino,8.0,3,2,65.54,Southampton,0
376,3,masculino,35.0,1,0,10.16,Queenstown,0
379,3,masculino,12.0,0,2,19.55,Southampton,0
380,3,masculino,35.0,1,1,12.43,Southampton,0
381,2,masculino,23.0,1,0,19.36,Southampton,0
382,3,masculino,16.0,5,2,57.13,Southampton,0
384,3,feminino,10.0,1,1,11.62,Queenstown,1
386,3,masculino,9.0,1,2,21.23,Southampton,1
387,1,feminino,65.0,0,0,44.55,Southampton,1
388,2,masculino,28.0,0,2,14.04,Southampton,0
389,2,feminino,30.0,0,0,17.87,Southampton,1
390,3,masculino,38.0,1,0,26.38,Cherbourg,0
391,1,masculino,36.0,1,0,53.0,Cherbourg,0
392,2,feminino,31.0,0,0,29.92,Southampton,1
393,2,masculino,39.0,0,0,27.8,Southampton,0
394,2,masculino,36.0,0,0,17.24,Cherbourg,1
395,3,masculino,31.0,0,0,6.81,Queenstown,0
396,3,masculino,24.0,0,1,8.73,Southampton,0
397,3,feminino,23.0,0,0,6.17,Southampton,1
398,3,masculino,15.0,0,0,5.96,Queenstown,0
401,3,feminino,12.0,0,2,19.24,Cherbourg,1
403,1,masculino,7.0,0,2,122.24,Southampton,1
404,1,masculino,47.0,0,0,57.5,Southampton,0
405,2,masculino,42.0,0,1,31.99,Southampton,0
406,3,masculino,6.0,0,2,10.61,Southampton,0
407,3,masculino,28.0,0,0,22.01,Queenstown,0
408,2,feminino,20.0,1,0,29.26,Southampton,1
409,2,feminino,32.0,0,0,27.71,Southampton,1
410,1,masculino,58.0,0,0,46.74,Southampton,0
411,3,masculino,26.0,0,1,10.9,Queenstown,0
412,1,masculino,46.0,0,0,85.77,Cherbourg,1
413,3,feminino,8.0,4,1,20.83,Southampton,0
414,2,masculino,26.0,0,0,9.46,Southampton,0
416,3,feminino,31.0,1,0,7.32,Southampton,0
417,1,masculino,57.0,1,0,64.96,Southampton,0
418,3,feminino,35.0,0,0,11.2,Queenstown,0
419,3,masculino,9.0,0,1,12.99,Southampton,0
420,1,masculino,54.0,0,0,68.21,Cherbourg,0
421,3,masculino,25.0,0,0,13.44,Cherbourg,0
422,3,masculino,4.0,0,2,16.14,Southampton,1
425,2,masculino,18.0,0,0,11.39,Southampton,0
426,3,masculino,10.0,0,2,19.33,Southampton,1
427,3,masculino,17.0,0,0,11.33,Southampton,0
428,2,feminino,57.0,0,0,15.62,Cherbourg,0
429,2,masculino,45.0,0,0,18.44,Southampton,0
430,3,feminino,32.0,2,0,27.69,Southampton,1
431,2,feminino,41.0,0,0,14.66,Southampton,1
433,3,masculino,15.0,0,0,12.29,Southampton,0
434,3,feminino,21.0,0,0,8.9,Southampton,0
435,1,feminino,47.0,4,0,59.73,Southampton,1
438,1,feminino,39.0,1,1,93.75,Southampton,1
439,3,masculino,31.0,4,0,22.3,Cherbourg,0
440,3,feminino,35.0,1,0,17.2,Cherbourg,1
441,3,feminino,35.0,0,0,10.9,Southampton,1
442,3,feminino,12.0,0,1,12.68,Queenstown,1
443,2,masculino,18.0,0,1,28.77,Southampton,0
445,3,feminino,28.0,0,0,8.61,Queenstown,0
446,3,masculino,18.0,3,0,12.86,Southampton,0
450,3,feminino,28.0,1,0,22.29,Southampton,0
451,3,masculino,10.0,0,2,14.56,Southampton,0
452,2,feminino,17.0,0,2,25.91,Southampton,1
453,3,masculino,30.0,0,0,9.95,Southampton,0
455,1,masculino,40.0,0,1,48.18,Cherbourg,0
456,3,masculino,5.0,0,1,15.62,Cherbourg,1
457,3,masculino,27.0,2,0,11.86,Southampton,0
458,3,masculino,28.0,0,1,12.49,Queenstown,0
459,3,feminino,25.0,4,1,65.22,Southampton,0
460,3,masculino,29.0,0,0,4.92,Southampton,0
461,3,masculino,14.0,2,1,17.15,Southampton,0
463,3,masculino,30.0,0,0,9.11,Cherbourg,0
464,3,feminino,21.0,0,2,9.11,Southampton,0
465,2,masculino,39.0,0,0,13.1,Southampton,0
466,1,feminino,41.0,4,0,107.65,Cherbourg,0
467,3,feminino,16.0,3,2,50.57,Southampton,0
468,2,masculino,20.0,4,0,35.62,Southampton,0
469,1,masculino,29.0,0,2,84.02,Cherbourg,0
471,3,feminino,52.0,1,0,15.78,Cherbourg,0
473,3,masculino,17.0,2,1,15.24,Southampton,1
474,3,feminino,20.0,0,0,3.84,Southampton,0
475,2,masculino,34.0,1,0,37.58,Southampton,0
477,1,masculino,47.0,1,0,81.22,Southampton,0
478,2,feminino,28.0,0,0,25.92,Southampton,1
479,2,feminino,43.0,0,0,15.14,Southampton,1
481,3,masculino,25.0,0,2,26.7,Southampton,1
482,1,masculino,33.0,3,0,72.51,Southampton,1
483,2,feminino,37.0,0,0,19.31,Southampton,0
484,3,feminino,20.0,2,0,5.32,Southampton,0
485,3,masculino,27.0,1,0,5.54,Southampton,0
486,2,masculino,37.0,0,0,17.12,Southampton,0
489,3,feminino,14.0,1,0,11.57,Southampton,1
491,1,masculino,36.0,1,0,87.99,Southampton,0
492,3,feminino,30.0,0,0,5.84,Southampton,1
494,1,masculino,12.0,0,2,138.53,Southampton,0
495,3,masculino,30.0,0,0,11.13,Queenstown,0
497,3,feminino,20.0,3,0,33.32,Southampton,0
498,3,masculino,2.0,0,2,21.74,Queenstown,1
501,2,feminino,22.0,1,0,25.57,Cherbourg,1
504,2,feminino,9.0,0,2,35.94,Southampton,1
505,3,feminino,27.0,1,1,17.22,Southampton,1
506,2,feminino,21.0,0,0,63.93,Southampton,1
507,3,masculino,37.0,0,0,13.4,Queenstown,0
508,2,feminino,35.0,0,0,15.53,Southampton,0
509,1,masculino,51.0,1,0,96.33,Southampton,0
510,1,masculino,4.0,1,1,116.66,Southampton,1
511,2,masculino,24.0,0,0,26.03,Southampton,0
512,1,feminino,33.0,0,1,34.58,Southampton,1
513,3,masculino,35.0,3,0,14.94,Southampton,0
514,3,masculino,28.0,0,0,14.28,Southampton,0
515,3,masculino,13.0,1,0,15.95,Southampton,0
517,1,feminino,53.0,0,2,156.3,Southampton,1
519,2,feminino,5.0,0,1,11.36,Southampton,1
521,2,feminino,21.0,0,0,10.61,Southampton,1
522,3,masculino,0.0,0,1,15.74,Southampton,0
523,3,masculino,24.0,0,0,5.38,Southampton,0
524,3,feminino,29.0,0,0,6.73,Cherbourg,0
526,1,feminino,36.0,0,0,68.3,Southampton,1
527,1,feminino,53.0,1,1,82.03,Southampton,1
528,3,masculino,17.0,0,2,6.79,Southampton,1
529,3,masculino,27.0,0,1,18.04,Southampton,0
531,1,feminino,33.0,0,0,76.88,Cherbourg,1
533,3,masculino,37.0,0,0,5.71,Southampton,0
534,3,feminino,19.0,0,0,7.15,Southampton,0
536,3,masculino,40.0,0,3,24.24,Southampton,0
539,3,feminino,25.0,1,0,22.07,Cherbourg,1
540,3,feminino,9.0,0,2,21.15,Cherbourg,1
541,3,feminino,9.0,0,2,29.8,Queenstown,1
542,1,feminino,52.0,3,1,84.95,Southampton,1
543,1,feminino,11.0,0,1,60.16,Cherbourg,1
544,1,feminino,31.0,0,0,23.26,Cherbourg,1
545,3,feminino,1.0,1,1,16.25,Southampton,0
547,3,feminino,13.0,0,1,20.15,Southampton,1
548,3,masculino,12.0,0,2,7.55,Southampton,0
549,2,masculino,35.0,1,1,33.69,Southampton,1
550,3,masculino,24.0,0,0,14.6,Southampton,0
551,3,feminino,45.0,4,0,23.2,Southampton,0
552,3,masculino,33.0,5,0,13.08,Queenstown,0
553,3,masculino,16.0,1,0,10.65,Southampton,1
554,3,masculino,16.0,0,0,5.85,Southampton,0
555,3,masculino,25.0,0,0,9.67,Southampton,0
556,2,feminino,37.0,0,1,23.52,Southampton,1
557,3,feminino,60.0,1,1,10.15,Queenstown,0
558,3,masculino,26.0,0,0,4.76,Queenstown,0
559,3,feminino,3.0,0,1,7.96,Southampton,1
560,3,masculino,18.0,0,0,6.53,Southampton,0
561,2,masculino,44.0,1,0,39.05,Queenstown,0
562,1,masculino,35.0,0,2,92.12,Southampton,0
563,2,feminino,18.0,0,1,29.88,Cherbourg,1
564,3,masculino,35.0,1,0,12.26,Queenstown,1
565,1,feminino,45.0,0,0,124.03,Southampton,1
566,3,masculino,2.0,0,1,11.42,Southampton,0
567,1,masculino,45.0,1,0,110.67,Cherbourg,1
568,3,feminino,38.0,0,0,17.35,Southampton,0
569,2,masculino,23.0,0,0,30.37,Southampton,0
571,1,masculino,47.0,3,2,142.73,Southampton,0
572,3,masculino,3.0,0,1,11.8,Southampton,0
576,3,feminino,23.0,0,0,7.04,Southampton,0
577,3,masculino,37.0,0,0,13.81,Southampton,0
578,1,masculino,42.0,0,0,45.37,Southampton,0
579,3,feminino,13.0,0,0,14.63,Cherbourg,1
580,2,feminino,10.0,0,1,47.4,Southampton,1
582,3,feminino,23.0,0,1,6.96,Southampton,1
584,2,masculino,10.0,0,1,80.24,Southampton,0
585,2,feminino,29.0,1,0,22.78,Southampton,1
586,1,feminino,17.0,0,0,58.96,Cherbourg,0
587,1,masculino,35.0,3,0,190.72,Cherbourg,1
588,1,masculino,47.0,0,2,107.71,Southampton,0
590,3,masculino,34.0,0,0,23.13,Queenstown,0
591,3,feminino,24.0,0,0,19.31,Southampton,1
592,1,masculino,7.0,1,2,161.13,Southampton,1
593,3,masculino,10.0,2,2,34.99,Southampton,0
595,3,masculino,17.0,0,1,11.73,Southampton,0
597,3,masculino,35.0,0,0,8.39,Queenstown,0
598,2,feminino,26.0,0,0,17.67,Southampton,1
599,1,masculino,35.0,0,1,70.75,Southampton,0
601,2,feminino,31.0,0,0,17.02,Southampton,1
603,2,masculino,34.0,1,0,10.34,Southampton,0
604,3,feminino,32.0,0,0,12.48,Southampton,0
605,1,masculino,21.0,0,1,204.75,Cherbourg,0
606,3,feminino,13.0,0,0,9.2,Cherbourg,0
607,3,feminino,16.0,0,0,5.45,Southampton,1
608,2,masculino,40.0,1,2,36.46,Southampton,0
609,1,masculino,31.0,1,0,51.46,Southampton,0
610,3,feminino,12.0,1,2,10.24,Southampton,1
611,3,masculino,45.0,1,1,21.98,Southampton,0
612,1,masculino,33.0,0,0,54.72,Southampton,1
613,1,feminino,15.0,0,0,79.8,Southampton,1
614,3,masculino,14.0,0,0,11.28,Cherbourg,0
616,2,masculino,26.0,0,0,33.65,Southampton,0
619,3,feminino,9.0,1,2,18.51,Queenstown,1
620,2,masculino,45.0,0,0,20.8,Southampton,0
621,3,feminino,36.0,0,0,9.73,Southampton,0
622,3,masculino,37.0,0,0,24.2,Southampton,0
623,3,masculino,15.0,0,0,5.19,Southampton,0
624,2,masculino,57.0,0,1,34.43,Southampton,0
625,1,masculino,43.0,0,0,80.29,Southampton,0
626,3,masculino,18.0,0,0,7.39,Southampton,0
628,2,masculino,39.0,0,2,53.05,Southampton,0
629,2,masculino,30.0,0,0,16.98,Southampton,0
632,2,masculino,16.0,1,0,40.39,Southampton,0
633,3,masculino,22.0,1,2,18.88,Cherbourg,0
634,2,masculino,32.0,1,1,98.86,Southampton,0
635,1,masculino,36.0,0,0,45.99,Cherbourg,0
636,1,masculino,44.0,0,1,45.67,Southampton,1
638,3,feminino,18.0,0,4,29.4,Southampton,0
639,3,masculino,43.0,1,0,10.22,Southampton,1
640,1,masculino,3.0,0,2,219.87,Southampton,1
642,3,feminino,7.0,3,1,7.09,Southampton,1
643,3,feminino,32.0,5,0,22.44,Southampton,0
644,1,feminino,43.0,0,0,93.74,Southampton,1
646,1,masculino,59.0,2,0,61.11,Cherbourg,0
648,3,feminino,12.0,1,2,20.44,Southampton,0
649,3,feminino,31.0,0,0,5.42,Southampton,1
650,2,masculino,37.0,0,0,17.49,Cherbourg,0
651,3,masculino,31.0,0,1,10.8,Cherbourg,0
654,3,feminino,6.0,0,1,31.75,Southampton,0
655,3,masculino,29.0,0,0,3.99,Cherbourg,0
656,3,masculino,3.0,1,2,18.3,Queenstown,1
658,3,feminino,42.0,0,0,11.94,Southampton,0
660,2,masculino,2.0,1,2,43.22,Southampton,1
662,3,masculino,19.0,0,0,7.51,Southampton,0
663,2,masculino,29.0,0,0,14.31,Southampton,0
665,3,masculino,38.0,1,0,5.53,Southampton,1
666,3,feminino,42.0,0,0,5.46,Southampton,0
667,1,masculino,50.0,5,0,67.84,Cherbourg,1
669,3,masculino,31.0,1,0,9.24,Southampton,0
670,3,masculino,17.0,0,0,29.19,Queenstown,0
671,1,masculino,34.0,1,0,43.29,Cherbourg,0
673,2,masculino,29.0,0,0,25.16,Southampton,0
674,3,feminino,29.0,0,0,15.31,Southampton,1
675,3,feminino,7.0,2,2,20.53,Southampton,0
676,3,masculino,31.0,0,0,9.89,Cherbourg,0
677,2,feminino,32.0,0,0,25.82,Southampton,0
678,3,feminino,20.0,3,1,19.48,Southampton,0
679,3,feminino,29.0,1,0,9.37,Southampton,0
680,2,masculino,29.0,0,0,15.71,Southampton,0
682,1,feminino,48.0,0,1,53.91,Cherbourg,1
683,3,masculino,37.0,0,0,5.37,Southampton,0
684,1,feminino,12.0,0,3,152.31,Cherbourg,1
685,1,masculino,44.0,0,0,92.12,Southampton,0
686,1,feminino,65.0,0,0,31.66,Cherbourg,1
688,3,feminino,38.0,0,0,8.67,Southampton,0
689,3,masculino,28.0,1,1,17.85,Southampton,0
690,1,masculino,18.0,1,0,91.9,Southampton,1
691,3,masculino,54.0,0,0,19.3,Southampton,0
692,2,masculino,19.0,0,0,17.98,Southampton,0
693,3,masculino,32.0,4,0,22.8,Southampton,0
695,3,masculino,19.0,0,0,5.03,Southampton,0
696,3,masculino,1.0,1,2,23.21,Southampton,0
697,3,feminino,1.0,0,1,33.61,Queenstown,1
698,2,feminino,11.0,0,1,55.25,Southampton,0
699,3,masculino,16.0,0,2,22.08,Southampton,0
700,2,feminino,33.0,0,0,18.67,Southampton,1
701,3,feminino,8.0,0,1,7.14,Queenstown,1
703,2,masculino,2.0,0,2,23.37,Southampton,1
704,1,feminino,61.0,1,0,105.65,Cherbourg,0
705,2,feminino,21.0,1,2,32.64,Cherbourg,1
706,2,feminino,19.0,0,0,13.24,Southampton,1
707,3,masculino,0.0,0,1,7.84,Southampton,0
709,1,masculino,60.0,0,0,37.46,Southampton,0
711,3,masculino,23.0,0,0,12.06,Southampton,0
712,2,masculino,33.0,3,0,31.95,Southampton,0
713,3,masculino,9.0,1,1,40.62,Southampton,1
714,3,masculino,6.0,0,2,21.66,Southampton,0
715,3,masculino,31.0,0,1,7.38,Queenstown,0
716,1,masculino,55.0,0,2,82.85,Southampton,1
717,3,feminino,21.0,0,0,5.92,Southampton,0
718,2,masculino,34.0,0,0,8.0,Southampton,0
719,3,masculino,36.0,2,0,7.65,Southampton,0
720,3,masculino,18.0,0,0,6.9,Southampton,0
724,1,masculino,40.0,1,0,68.75,Cherbourg,0
725,3,masculino,27.0,1,1,9.64,Southampton,0
726,3,masculino,4.0,0,1,5.71,Southampton,1
728,3,feminino,32.0,0,1,14.92,Queenstown,0
729,1,masculino,54.0,0,0,67.31,Southampton,0
730,2,feminino,1.0,2,1,38.11,Southampton,1
731,3,masculino,27.0,0,0,17.41,Southampton,0
732,2,masculino,36.0,0,0,29.33,Southampton,0
735,1,feminino,54.0,1,0,75.32,Cherbourg,0
737,1,masculino,31.0,1,0,96.67,Southampton,1
738,3,feminino,43.0,1,0,11.82,Southampton,0
739,3,masculino,32.0,0,2,25.67,Southampton,0
740,3,masculino,19.0,2,2,22.23,Queenstown,0
741,3,feminino,33.0,1,0,7.74,Southampton,1
745,1,feminino,8.0,5,2,222.21,Southampton,1
746,3,masculino,19.0,0,2,35.98,Southampton,0
747,3,feminino,9.0,0,2,23.69,Southampton,1
749,2,masculino,17.0,0,1,28.49,Southampton,0
750,3,feminino,26.0,1,0,24.05,Queenstown,0
751,1,feminino,31.0,1,2,121.36,Southampton,1
752,2,masculino,55.0,1,0,39.95,Southampton,0
753,2,masculino,11.0,0,1,50.07,Southampton,0
756,3,masculino,32.0,0,1,5.18,Southampton,0
757,3,feminino,38.0,0,1,20.67,Southampton,0
758,3,masculino,10.0,0,2,11.01,Southampton,0
759,3,feminino,20.0,1,0,21.82,Southampton,0
760,3,masculino,23.0,0,0,21.08,Queenstown,0
761,3,masculino,26.0,0,1,6.16,Southampton,1
762,1,feminino,29.0,0,0,37.21,Southampton,1
763,1,masculino,26.0,0,0,55.33,Cherbourg,0
764,1,masculino,4.0,0,2,51.84,Cherbourg,1
765,3,masculino,31.0,1,0,6.66,Cherbourg,0
766,2,masculino,30.0,1,0,10.6,Southampton,0
768,2,masculino,38.0,0,0,15.9,Cherbourg,0
769,3,masculino,23.0,0,0,10.89,Southampton,0
770,3,feminino,42.0,0,2,20.07,Cherbourg,0
771,1,feminino,9.0,0,1,82.8,Cherbourg,1
772,1,feminino,35.0,0,0,88.3,Southampton,1
773,2,feminino,25.0,0,0,16.92,Southampton,1
774,1,masculino,41.0,0,0,57.64,Southampton,0
775,1,feminino,49.0,0,1,112.68,Southampton,1
776,2,masculino,36.0,0,0,17.5,Southampton,0
778,2,masculino,21.0,0,0,15.69,Southampton,1
779,2,masculino,14.0,0,1,17.71,Southampton,0
781,3,masculino,43.0,0,0,10.34,Southampton,0
782,3,feminino,15.0,1,0,13.94,Southampton,0
783,1,masculino,33.0,3,0,141.23,Queenstown,0
784,3,masculino,25.0,1,0,14.65,Southampton,0
785,3,masculino,42.0,0,1,9.69,Southampton,0
786,1,feminino,31.0,1,0,90.42,Queenstown,1
787,1,masculino,40.0,0,0,90.12,Southampton,0
788,1,feminino,35.0,0,1,87.94,Cherbourg,1
789,3,masculino,48.0,2,0,15.35,Southampton,0
791,3,masculino,23.0,0,0,7.44,Southampton,0
792,3,masculino,9.0,0,2,14.12,Southampton,0
793,1,masculino,23.0,1,0,99.03,Southampton,1
794,3,masculino,30.0,0,0,4.13,Southampton,0
795,3,feminino,37.0,0,2,18.94,Southampton,1
797,3,masculino,27.0,0,0,11.64,Southampton,0
798,3,feminino,12.0,1,1,15.78,Queenstown,0
799,3,feminino,27.0,0,0,8.88,Southampton,0
800,1,masculino,41.0,0,0,78.21,Queenstown,0
801,3,masculino,21.0,1,2,24.71,Southampton,0
802,3,masculino,30.0,0,1,16.83,Southampton,0
805,3,masculino,40.0,0,0,11.37,Southampton,0
806,2,feminino,29.0,0,0,15.67,Cherbourg,1
810,2,masculino,16.0,1,0,16.31,Southampton,0
811,3,masculino,12.0,0,1,12.4,Southampton,0
812,1,masculino,48.0,1,0,73.9,Southampton,0
813,3,masculino,39.0,0,0,9.52,Southampton,0
814,1,feminino,31.0,0,0,43.88,Cherbourg,1
815,2,masculino,20.0,1,0,57.49,Southampton,0
816,3,masculino,28.0,0,0,41.65,Queenstown,0
821,3,feminino,18.0,4,0,34.78,Queenstown,0
823,2,feminino,29.0,0,0,11.44,Southampton,1
825,3,masculino,20.0,0,0,8.19,Southampton,0
826,2,masculino,31.0,0,0,12.9,Southampton,0
827,2,masculino,38.0,0,0,17.68,Southampton,0
828,3,masculino,24.0,0,0,4.23,Southampton,1
829,1,masculino,34.0,1,0,89.86,Southampton,1
830,1,feminino,25.0,0,0,49.65,Southampton,1
831,2,feminino,5.0,0,2,24.11,Southampton,1
832,1,masculino,36.0,0,0,120.04,Southampton,0
833,3,masculino,25.0,1,2,20.44,Southampton,0
834,3,feminino,27.0,1,0,4.5,Cherbourg,1
835,3,masculino,21.0,0,2,17.12,Southampton,0
836,3,feminino,40.0,4,0,50.63,Southampton,1
837,3,masculino,18.0,2,0,12.95,Southampton,1
838,3,feminino,39.0,0,0,11.29,Southampton,0
839,1,masculino,5.0,1,1,176.29,Cherbourg,1
840,3,feminino,15.0,1,0,18.26,Southampton,1
841,2,masculino,51.0,1,0,20.73,Cherbourg,0
845,1,feminino,26.0,0,0,221.32,Southampton,1
846,2,masculino,35.0,0,0,17.13,Southampton,1
847,3,feminino,19.0,1,0,13.26,Queenstown,0
848,1,masculino,21.0,0,0,43.12,Southampton,1
849,2,masculino,26.0,1,0,21.9,Southampton,0
850,1,masculino,57.0,0,1,95.76,Southampton,0
852,3,feminino,9.0,0,2,31.81,Southampton,1
853,1,masculino,56.0,0,0,56.65,Southampton,1
854,2,feminino,21.0,0,2,23.35,Southampton,1
856,3,feminino,22.0,1,0,17.12,Southampton,0
857,2,masculino,37.0,0,0,19.21,Southampton,0
858,1,feminino,35.0,1,0,89.93,Southampton,1
859,3,masculino,43.0,1,0,18.52,Southampton,0
860,2,masculino,51.0,3,0,41.44,Southampton,0
861,3,masculino,28.0,2,2,20.45,Queenstown,0
862,1,masculino,35.0,0,0,51.03,Southampton,1
863,2,feminino,3.0,0,1,28.95,Southampton,1
864,1,masculino,17.0,2,0,68.91,Southampton,0
865,2,feminino,26.0,0,0,27.64,Southampton,1
867,3,masculino,39.0,0,1,8.92,Southampton,0
868,3,masculino,20.0,1,0,8.03,Southampton,0
869,3,masculino,9.0,2,2,45.94,Southampton,0
870,1,feminino,24.0,0,0,86.23,Cherbourg,1
871,1,masculino,16.0,1,0,57.75,Southampton,1
872,3,masculino,19.0,0,0,7.62,Southampton,1
873,1,feminino,28.0,1,0,129.34,Southampton,1
875,1,masculino,43.0,1,2,99.72,Cherbourg,1
876,2,masculino,25.0,0,0,43.14,Southampton,1
877,3,masculino,34.0,0,0,7.35,Cherbourg,0
878,3,masculino,15.0,0,1,21.04,Cherbourg,0
881,3,masculino,16.0,0,0,3.57,Southampton,0
883,3,masculino,28.0,1,0,18.87,Southampton,0
884,1,masculino,33.0,0,2,185.59,Southampton,0
885,3,feminino,23.0,0,0,7.32,Queenstown,0
888,2,masculino,22.0,0,2,37.35,Southampton,0
892,3,masculino,44.0,5,0,30.67,Southampton,0
897,3,masculino,6.0,0,2,21.5,Southampton,0
898,3,feminino,30.0,0,0,30.23,Southampton,0
899,3,feminino,24.0,0,2,24.83,Southampton,0
900,3,masculino,27.0,1,1,23.53,Queenstown,0
901,3,masculino,21.0,0,0,4.35,Cherbourg,0
902,3,feminino,5.0,0,1,11.84,Southampton,1
904,3,masculino,22.0,1,0,9.06,Southampton,1
905,3,feminino,21.0,1,1,20.62,Southampton,0
907,3,feminino,28.0,0,0,7.32,Queenstown,0
908,1,masculino,22.0,0,1,35.51,Cherbourg,0
911,3,masculino,27.0,0,2,23.8,Southampton,0
912,3,masculino,24.0,0,0,8.55,Cherbourg,0
913,2,masculino,31.0,0,3,32.81,Southampton,0
914,1,masculino,46.0,0,0,63.0,Cherbourg,0
915,2,masculino,27.0,0,0,24.51,Southampton,0
916,3,feminino,23.0,0,0,3.63,Southampton,1
917,3,masculino,54.0,4,3,36.45,Queenstown,0
918,1,masculino,10.0,0,2,67.03,Cherbourg,1
919,3,masculino,32.0,0,0,12.33,Southampton,0
920,1,masculino,23.0,1,0,28.58,Cherbourg,0
921,3,feminino,24.0,1,0,15.7,Southampton,0
922,3,masculino,16.0,0,0,7.61,Southampton,0
923,3,masculino,20.0,2,0,25.53,Southampton,0
924,3,masculino,48.0,0,0,17.95,Queenstown,0
925,3,masculino,50.0,1,1,21.61,Southampton,0
927,3,feminino,0.0,0,1,28.39,Southampton,0
928,1,masculino,10.0,1,1,87.95,Southampton,0
929,3,feminino,22.0,0,4,23.78,Southampton,0
930,3,feminino,19.0,0,0,6.0,Southampton,0
931,3,masculino,13.0,0,2,6.29,Southampton,0
934,1,masculino,28.0,1,0,118.91,Cherbourg,1
935,2,masculino,15.0,1,0,13.51,Cherbourg,0
936,3,feminino,23.0,1,0,13.02,Southampton,1
937,1,masculino,27.0,0,1,121.55,Southampton,0
938,3,feminino,7.0,0,1,8.25,Queenstown,1
939,3,masculino,41.0,0,0,18.75,Queenstown,0
940,2,masculino,36.0,1,0,13.45,Southampton,0
941,3,feminino,37.0,0,3,22.21,Southampton,0
942,3,feminino,26.0,0,0,7.15,Southampton,0
943,3,masculino,41.0,0,2,21.48,Southampton,0
944,3,masculino,13.0,0,0,10.72,Queenstown,0
945,1,masculino,47.0,0,0,59.1,Southampton,0
946,3,feminino,41.0,0,0,5.63,Southampton,0
947,3,masculino,21.0,1,3,9.68,Southampton,0
948,1,masculino,46.0,0,0,109.08,Southampton,0
949,2,masculino,36.0,0,0,11.81,Southampton,1
950,1,feminino,38.0,2,2,110.54,Cherbourg,1
951,3,masculino,23.0,1,0,12.89,Southampton,0
952,3,masculino,6.0,0,2,17.78,Southampton,0
954,1,masculino,28.0,0,0,74.62,Cherbourg,1
956,3,masculino,8.0,0,2,16.49,Southampton,0
958,3,masculino,30.0,0,1,15.53,Cherbourg,0
959,3,masculino,43.0,0,1,5.35,Queenstown,0
960,1,masculino,35.0,1,0,139.8,Cherbourg,0
961,3,feminino,25.0,0,3,33.73,Southampton,0
962,2,masculino,50.0,0,0,13.7,Southampton,0
963,3,masculino,30.0,0,0,16.33,Queenstown,0
965,3,masculino,4.0,0,1,8.48,Southampton,0
968,3,masculino,36.0,0,0,14.51,Southampton,0
969,3,masculino,28.0,2,0,15.89,Cherbourg,0
970,3,masculino,53.0,0,0,3.94,Southampton,0
974,3,masculino,27.0,0,0,8.54,Southampton,0
975,3,feminino,16.0,0,0,12.21,Southampton,0
976,3,feminino,15.0,0,0,8.87,Southampton,1
978,1,masculino,5.0,3,1,161.57,Southampton,0
980,3,masculino,45.0,0,0,7.64,Queenstown,1
981,1,feminino,42.0,0,2,48.33,Cherbourg,1
982,2,masculino,32.0,2,0,26.71,Cherbourg,0
983,3,feminino,12.0,0,4,17.76,Southampton,0
984,3,feminino,20.0,0,0,25.41,Southampton,1
985,3,masculino,35.0,0,0,3.92,Southampton,1
986,3,masculino,1.0,1,1,12.02,Southampton,1
987,3,masculino,22.0,1,0,16.43,Queenstown,1
989,3,feminino,29.0,1,4,27.56,Cherbourg,0
990,3,masculino,38.0,1,0,5.84,Queenstown,0
991,3,masculino,7.0,0,2,31.57,Southampton,1
992,3,masculino,36.0,0,0,6.45,Southampton,0
993,3,feminino,19.0,0,1,13.91,Queenstown,0
994,3,masculino,12.0,0,2,17.86,Queenstown,0
995,1,feminino,13.0,0,1,63.84,Southampton,1
996,3,masculino,27.0,0,0,14.67,Cherbourg,0
998,1,masculino,34.0,1,0,62.57,Cherbourg,0
999,2,feminino,13.0,0,0,20.94,Southampton,1
1000,1,masculino,58.0,0,0,101.47,Southampton,0
1001,1,masculino,44.0,0,0,37.46,Cherbourg,0
1003,3,masculino,43.0,0,1,12.68,Southampton,0
1004,3,masculino,26.0,1,0,26.69,Southampton,0
1005,1,feminino,39.0,0,0,69.8,Cherbourg,1
1007,3,feminino,23.0,0,1,9.45,Southampton,0
1008,3,masculino,22.0,5,0,19.64,Queenstown,0
1010,2,masculino,26.0,0,0,14.08,Queenstown,1
1012,2,masculino,36.0,1,0,20.64,Southampton,0
1014,3,masculino,20.0,3,0,20.04,Southampton,0
1015,3,feminino,49.0,0,0,5.87,Southampton,0
1019,3,masculino,55.0,0,0,3.67,Southampton,0
1021,3,feminino,5.0,0,2,25.06,Southampton,0
1022,2,feminino,35.0,5,0,26.11,Southampton,0
1024,2,feminino,1.0,0,2,33.27,Southampton,1
1025,2,masculino,39.0,0,0,30.86,Southampton,0
1027,3,masculino,22.0,0,0,9.3,Southampton,0
1028,3,feminino,29.0,0,2,11.48,Southampton,0
1029,1,masculino,46.0,0,0,50.66,Southampton,0
1032,3,masculino,28.0,0,0,14.95,Queenstown,0
1033,3,masculino,17.0,1,0,17.26,Southampton,1
1034,2,masculino,34.0,0,2,45.29,Southampton,0
1035,3,masculino,32.0,0,0,6.44,Southampton,0
1036,3,masculino,34.0,0,0,6.81,Southampton,0
1039,3,masculino,35.0,0,0,6.94,Southampton,0
1040,3,masculino,31.0,4,0,39.65,Southampton,0
1041,1,masculino,15.0,0,2,141.72,Cherbourg,1
1043,3,masculino,17.0,0,0,6.95,Southampton,0
1044,3,feminino,18.0,0,0,28.6,Cherbourg,0
1045,2,masculino,31.0,0,0,52.1,Southampton,0
1046,3,masculino,52.0,0,2,12.43,Queenstown,0
1047,3,masculino,48.0,0,0,9.01,Queenstown,0
1048,3,masculino,34.0,1,0,10.71,Cherbourg,0
1052,3,feminino,24.0,0,0,12.37,Southampton,0
1055,1,feminino,31.0,1,0,96.51,Cherbourg,1
1056,1,masculino,24.0,0,0,92.07,Cherbourg,0
1057,1,masculino,38.0,3,0,106.13,Southampton,0
1058,1,masculino,55.0,0,0,30.73,Cherbourg,0
1060,3,masculino,11.0,0,1,17.1,Southampton,0
1061,3,masculino,25.0,0,0,10.57,Queenstown,0
1063,3,masculino,51.0,1,0,16.1,Southampton,0
1065,3,feminino,17.0,4,0,12.17,Southampton,0
1066,2,masculino,36.0,0,0,16.44,Southampton,0
1067,3,masculino,30.0,0,0,8.22,Southampton,0
1070,2,feminino,11.0,0,2,30.02,Southampton,1
1071,3,feminino,27.0,5,0,39.33,Southampton,0
1072,3,masculino,34.0,0,0,6.89,Southampton,0
1074,2,feminino,28.0,1,2,66.12,Southampton,1
1076,3,masculino,11.0,0,1,15.9,Southampton,0
1077,3,feminino,50.0,0,1,16.59,Southampton,0
1078,2,feminino,29.0,0,0,20.57,Southampton,1
1079,2,masculino,26.0,0,0,19.01,Southampton,0
1080,2,feminino,19.0,0,2,18.33,Southampton,0
1081,1,feminino,60.0,1,0,154.01,Southampton,1
1082,3,feminino,6.0,0,1,7.68,Queenstown,1
1083,3,feminino,19.0,0,2,4.8,Southampton,1
1084,2,feminino,16.0,0,0,24.0,Southampton,1
1085,2,feminino,32.0,0,0,49.79,Southampton,1
1086,3,masculino,32.0,0,0,18.47,Cherbourg,0
1087,3,feminino,39.0,0,0,5.72,Cherbourg,1
1088,2,feminino,50.0,0,2,59.66,Southampton,1
1089,3,masculino,7.0,0,2,19.46,Queenstown,0
1090,2,masculino,18.0,0,0,16.98,Queenstown,0
1091,3,masculino,54.0,0,0,7.3,Southampton,0
1092,3,masculino,42.0,1,1,15.08,Southampton,0
1094,1,masculino,41.0,0,2,85.74,Southampton,0
1095,2,masculino,23.0,0,0,17.65,Queenstown,0
1096,3,masculino,27.0,0,0,9.97,Southampton,0
1097,3,masculino,33.0,1,0,34.41,Southampton,1
1099,3,masculino,36.0,0,0,8.89,Southampton,0
1100,3,masculino,16.0,0,0,12.93,Southampton,0
1101,3,masculino,11.0,0,1,7.45,Southampton,0
1102,2,masculino,32.0,0,0,17.37,Southampton,0
1103,1,masculino,27.0,0,0,90.63,Southampton,0
1104,2,masculino,37.0,3,0,23.4,Southampton,0
1105,1,feminino,46.0,1,0,160.2,Southampton,1
1106,2,feminino,23.0,0,1,27.63,Southampton,1
1108,2,masculino,21.0,0,0,6.9,Southampton,0
1111,2,feminino,49.0,0,2,17.44,Cherbourg,1
1113,3,masculino,15.0,0,1,14.61,Southampton,0
1115,1,feminino,49.0,0,0,45.95,Southampton,1
1116,3,feminino,5.0,2,2,22.36,Cherbourg,0
1117,3,feminino,12.0,0,1,14.37,Southampton,0
1118,3,masculino,5.0,0,1,18.1,Queenstown,0
1119,3,masculino,26.0,0,0,14.58,Southampton,0
1120,2,feminino,31.0,1,0,24.06,Southampton,1
1121,1,feminino,33.0,0,1,79.06,Cherbourg,1
1122,3,masculino,16.0,0,0,9.13,Southampton,0
1123,1,feminino,43.0,0,0,82.17,Southampton,1
1124,3,feminino,34.0,3,0,10.04,Queenstown,1
1126,1,feminino,39.0,3,0,164.47,Cherbourg,1
1129,3,feminino,9.0,0,2,15.6,Southampton,1
1130,1,feminino,44.0,3,0,108.65,Southampton,1
1131,3,masculino,12.0,0,2,11.52,Southampton,0
1133,1,masculino,56.0,1,0,88.25,Cherbourg,0
1134,3,masculino,27.0,5,0,20.04,Cherbourg,0
1136,1,feminino,50.0,0,2,71.67,Cherbourg,1
1137,1,masculino,33.0,0,0,38.29,Southampton,0
1138,3,feminino,10.0,1,1,8.07,Southampton,0
1141,2,feminino,3.0,0,2,36.16,Southampton,1
1142,2,masculino,37.0,0,1,33.53,Southampton,0
1143,1,masculino,48.0,0,0,50.22,Queenstown,1
1146,2,feminino,23.0,1,0,36.42,Southampton,1
1147,3,masculino,7.0,0,2,20.99,Southampton,1
1148,3,masculino,8.0,1,2,29.75,Southampton,0
1149,1,feminino,43.0,0,0,85.84,Southampton,1
1150,3,masculino,23.0,0,1,10.18,Queenstown,0
1151,2,masculino,56.0,1,0,20.7,Cherbourg,0
1153,3,masculino,25.0,1,0,5.25,Cherbourg,0
1154,3,feminino,14.0,0,0,7.91,Southampton,0
1155,1,masculino,46.0,2,0,127.8,Cherbourg,1
1157,3,feminino,30.0,0,0,3.77,Cherbourg,0
1159,2,feminino,32.0,1,0,19.09,Southampton,1
1160,3,masculino,36.0,0,0,4.51,Southampton,0
1162,3,feminino,19.0,1,0,12.59,Southampton,0
1163,3,feminino,19.0,1,0,7.93,Southampton,1
1164,3,masculino,27.0,1,0,26.4,Queenstown,0
1166,1,feminino,27.0,1,2,132.33,Cherbourg,0
1168,3,feminino,36.0,0,2,17.45,Southampton,1
1171,1,feminino,36.0,0,0,66.34,Southampton,1
1172,2,masculino,26.0,0,2,34.02,Southampton,0
1173,1,masculino,43.0,0,0,124.51,Southampton,0
1174,1,feminino,46.0,1,2,137.51,Southampton,1
1175,1,masculino,40.0,0,0,54.3,Southampton,0
1176,1,masculino,46.0,0,0,60.89,Southampton,1
1177,3,masculino,27.0,0,0,5.86,Southampton,0
1178,3,masculino,3.0,0,2,2.72,Southampton,0
1179,1,feminino,23.0,0,1,72.64,Southampton,1
1180,2,feminino,59.0,1,2,20.21,Southampton,0
1181,3,masculino,45.0,0,0,12.04,Queenstown,0
1182,2,masculino,1.0,1,1,23.69,Southampton,1
1183,3,masculino,8.0,0,1,9.54,Southampton,0
1184,1,feminino,42.0,4,0,68.1,Southampton,1
1185,1,masculino,50.0,0,0,44.9,Southampton,0
1186,1,feminino,43.0,0,0,30.46,Southampton,1
1188,1,masculino,43.0,0,0,26.81,Southampton,0
1189,1,feminino,48.0,0,2,124.9,Southampton,1
1191,1,masculino,36.0,0,0,57.29,Southampton,0
1192,1,masculino,32.0,1,1,95.17,Cherbourg,1
1193,3,masculino,21.0,0,0,13.77,Southampton,1
1194,3,masculino,6.0,0,1,18.68,Southampton,1
1195,3,masculino,27.0,2,1,18.09,Cherbourg,0
1196,1,feminino,35.0,1,0,75.75,Southampton,1
1198,2,masculino,11.0,1,1,25.37,Southampton,1
1199,3,masculino,52.0,0,0,9.82,Queenstown,0
1200,2,masculino,29.0,0,0,9.16,Southampton,0
1201,1,feminino,43.0,0,1,75.48,Southampton,1
1203,3,feminino,19.0,0,0,12.03,Southampton,1
1204,3,feminino,22.0,2,0,11.23,Southampton,1
1205,3,masculino,36.0,0,0,9.54,Southampton,0
1206,3,masculino,31.0,0,0,4.56,Southampton,0
1207,2,masculino,33.0,1,0,8.1,Southampton,0
1208,1,feminino,43.0,0,0,88.77,Southampton,1
1209,3,masculino,24.0,0,0,11.01,Southampton,0
1210,3,feminino,17.0,0,0,9.13,Southampton,0
1211,3,masculino,20.0,0,2,11.02,Queenstown,0
1213,3,feminino,7.0,0,1,27.07,Queenstown,1
1214,3,masculino,13.0,0,0,15.55,Southampton,0
1216,1,masculino,48.0,0,1,83.98,Southampton,1
1218,2,masculino,29.0,0,0,11.44,Southampton,0
1220,3,masculino,42.0,0,1,17.78,Southampton,0
1221,1,masculino,23.0,0,0,53.34,Southampton,1
1222,1,masculino,23.0,0,0,71.22,Southampton,0
1223,3,feminino,32.0,3,0,11.6,Southampton,0
1224,3,masculino,21.0,2,0,12.89,Southampton,1
1225,2,masculino,32.0,2,1,42.83,Southampton,0
1226,2,masculino,39.0,0,0,27.23,Southampton,1
1227,1,feminino,30.0,1,0,121.37,Southampton,1
1228,1,masculino,49.0,0,1,92.78,Cherbourg,1
1230,1,feminino,10.0,0,1,116.22,Cherbourg,1
1232,3,feminino,33.0,0,0,8.04,Queenstown,0
1234,3,feminino,7.0,0,2,11.61,Southampton,1
1235,3,masculino,17.0,1,0,16.64,Cherbourg,0
1238,1,masculino,53.0,0,1,190.95,Cherbourg,1
1240,1,feminino,42.0,0,0,73.77,Southampton,1
1242,1,masculino,48.0,4,0,186.47,Cherbourg,0
1243,3,feminino,3.0,0,2,10.36,Southampton,1
1244,3,feminino,4.0,0,1,22.66,Southampton,0
1245,3,masculino,2.0,1,2,32.34,Southampton,0
1246,3,feminino,6.0,0,2,5.48,Southampton,1
1250,3,masculino,12.0,0,1,10.09,Southampton,0
1251,2,feminino,21.0,5,0,71.44,Southampton,1
1252,1,masculino,37.0,0,1,39.12,Cherbourg,1
1254,1,masculino,35.0,1,0,127.35,Southampton,0
1256,2,feminino,36.0,0,0,12.84,Southampton,0
1257,2,masculino,31.0,0,0,28.81,Southampton,0
1258,1,masculino,13.0,1,1,44.51,Cherbourg,1
1259,3,masculino,7.0,0,2,10.66,Southampton,0
1260,3,feminino,27.0,0,1,11.09,Southampton,0
1261,3,feminino,10.0,0,1,16.96,Southampton,1
1262,3,masculino,74.0,1,1,25.58,Southampton,0
1263,3,masculino,24.0,1,1,12.46,Southampton,0
1264,2,masculino,44.0,1,0,38.13,Southampton,0
1265,3,feminino,37.0,1,0,14.77,Southampton,0
1267,1,feminino,28.0,1,1,62.75,Southampton,1
1268,1,masculino,40.0,1,0,72.83,Cherbourg,1
1269,1,masculino,62.0,0,0,32.73,Southampton,0
1270,1,feminino,24.0,0,0,41.85,Cherbourg,1
1271,3,feminino,26.0,0,3,22.14,Southampton,0
1272,2,feminino,27.0,0,0,15.03,Southampton,1
1274,3,feminino,19.0,1,2,17.57,Southampton,0
1275,3,masculino,25.0,0,1,25.62,Southampton,0
1276,3,masculino,17.0,0,0,8.91,Queenstown,0
1277,3,masculino,54.0,0,0,7.73,Southampton,0
1278,3,masculino,18.0,1,0,4.99,Queenstown,0
1279,1,masculino,26.0,5,0,197.01,Southampton,0
1280,3,masculino,28.0,0,0,6.41,Cherbourg,1
1281,3,masculino,0.0,0,1,9.84,Queenstown,0
1283,3,masculino,9.0,2,3,19.47,Queenstown,0
1286,1,feminino,37.0,0,2,69.04,Southampton,1
1287,3,feminino,27.0,1,0,8.62,Southampton,0
1289,2,masculino,16.0,0,1,16.05,Southampton,1
1292,3,masculino,27.0,0,0,10.9,Queenstown,0
1293,2,masculino,39.0,0,1,14.18,Southampton,0
1294,3,masculino,8.0,1,1,13.43,Southampton,1
1295,3,masculino,9.0,5,2,22.64,Southampton,0
1296,3,masculino,29.0,0,0,6.96,Southampton,0
1297,3,masculino,0.0,0,1,10.85,Southampton,1
1299,3,masculino,28.0,1,0,7.19,Southampton,0
1300,1,masculino,28.0,0,0,11.11,Cherbourg,0
