id_torra,temperatura_c,tempo_min,boa
1,222.6,11.3,1
2,204.1,14.4,1
3,227.2,15.9,0
4,218.4,13.9,0
5,185.2,16.6,0
6,233.7,14.6,0
7,221.9,15.5,0
8,223.2,7.3,0
9,187.0,14.1,0
10,204.8,10.8,1
11,200.4,12.1,1
12,231.0,13.2,0
13,215.4,16.7,0
14,225.3,16.8,0
15,204.4,9.2,1
16,192.5,14.1,0
17,210.5,14.2,1
18,183.5,9.8,0
19,225.5,7.4,0
20,214.7,6.5,0
21,221.7,14.6,0
22,199.5,11.4,1
23,233.4,16.8,0
24,229.1,11.1,0
25,222.8,16.8,0
26,190.7,10.5,1
27,205.7,14.7,0
28,182.4,6.9,0
29,188.5,12.1,0
30,217.6,14.8,0
31,221.0,16.2,0
32,233.2,15.0,0
33,197.9,6.4,0
34,200.4,10.1,1
35,205.8,6.5,0
36,190.4,7.2,0
37,187.1,13.4,0
38,206.2,13.8,1
39,192.5,14.5,0
40,216.8,15.5,0
41,204.0,14.1,1
42,225.8,14.8,0
43,218.5,6.5,0
44,197.2,8.6,1
45,225.8,12.8,0
46,224.3,15.4,0
47,201.3,6.0,0
48,195.9,11.7,1
49,217.5,13.5,0
50,187.7,6.3,0
51,191.0,10.4,1
52,180.4,15.9,0
53,223.3,13.4,1
54,216.6,8.6,1
55,218.8,15.4,0
56,222.9,9.8,0
57,205.2,15.4,0
58,211.3,9.3,1
59,187.7,12.5,0
60,186.3,10.4,0
61,216.8,9.0,1
62,205.9,15.8,0
63,211.1,8.1,0
64,222.1,6.9,0
65,214.9,9.8,1
66,210.4,13.9,1
67,210.8,14.9,0
68,196.7,17.0,0
69,181.7,9.3,0
70,204.0,10.5,1
71,191.8,7.5,0
72,202.5,12.3,1
73,226.9,17.0,0
74,192.9,13.7,0
75,183.2,12.5,0
76,195.5,10.3,1
77,196.1,16.1,0
78,216.4,11.5,1
79,210.6,7.5,0
80,223.1,10.0,0
81,216.5,6.7,0
82,202.4,8.2,1
83,224.8,6.2,0
84,189.2,11.0,1
85,181.2,13.0,0
86,185.0,9.8,0
87,219.7,10.6,0
88,205.4,16.6,0
89,188.9,14.3,0
90,207.6,11.9,1
91,188.4,9.1,0
92,218.3,15.9,0
93,204.5,8.6,1
94,201.0,9.6,1
95,196.6,16.0,0
96,214.7,11.8,1
97,199.9,14.2,0
98,184.8,12.5,0
99,186.5,13.2,0
100,232.9,9.3,0
101,230.0,8.7,0
102,218.5,9.5,1
103,194.6,7.7,1
104,233.3,15.6,0
105,222.8,9.1,0
106,219.4,12.2,0
107,204.7,14.7,0
108,195.0,14.6,0
109,185.3,10.8,0
110,229.6,11.2,0
111,205.1,16.9,0
112,191.1,13.4,0
113,196.8,15.0,0
114,211.9,15.9,0
115,189.7,14.7,0
116,227.1,8.0,0
117,221.7,12.2,0
118,219.6,7.1,0
119,203.8,13.2,1
120,214.5,16.5,0
121,212.1,11.6,1
122,215.7,10.8,1
123,184.6,6.4,0
124,202.9,16.6,0
125,182.3,7.1,0
126,207.2,6.5,0
127,198.1,8.7,1
128,187.9,6.7,0
129,185.7,11.0,0
130,212.3,11.7,1
131,189.4,9.4,0
132,230.9,6.6,0
133,212.0,7.2,1
134,199.1,10.2,1
135,212.5,6.7,0
136,181.3,13.7,0
137,232.7,8.3,0
138,206.5,9.3,1
139,223.1,10.3,0
140,184.6,10.6,0
141,206.8,6.0,0
142,207.0,7.2,1
143,231.6,15.5,0
144,211.4,6.0,0
145,206.0,11.6,1
146,194.7,11.4,1
147,198.2,9.7,1
148,208.6,10.7,1
149,204.1,14.6,1
150,181.2,15.3,0
151,225.4,8.9,0
152,229.3,9.5,0
153,187.7,8.7,0
154,210.5,11.3,1
155,186.0,13.5,0
156,217.0,8.5,0
157,195.5,9.6,1
158,216.3,16.2,0
159,220.0,6.5,0
160,222.3,11.1,1
161,185.9,13.8,0
162,230.4,7.7,0
163,192.7,6.5,0
164,182.1,7.5,0
165,210.5,16.1,0
166,200.4,6.1,0
167,225.6,8.1,0
168,224.5,6.3,0
169,197.4,7.2,0
170,232.4,12.8,0
171,196.0,8.7,1
172,208.3,12.3,1
173,194.1,12.5,1
174,231.5,15.3,0
175,189.1,6.1,0
176,182.5,15.4,0
177,203.9,12.8,1
178,234.6,7.8,0
179,229.0,14.5,0
180,221.2,15.4,0
181,229.0,8.8,0
182,229.1,16.1,0
183,208.5,11.0,1
184,197.4,12.6,1
185,222.5,16.8,0
186,216.4,10.0,1
187,200.6,14.9,0
188,185.2,9.5,0
189,221.1,14.8,0
190,194.4,12.6,1
191,231.5,8.4,0
192,193.3,10.6,1
193,186.8,9.5,0
194,225.7,6.9,0
195,188.4,6.3,0
196,189.9,9.8,1
197,213.0,6.2,0
198,228.1,7.8,0
199,190.8,14.0,1
200,197.1,13.8,0
201,222.8,14.1,0
202,233.5,9.5,0
203,207.5,15.8,0
204,187.9,12.5,0
205,180.8,7.4,0
206,192.6,7.6,0
207,187.3,13.6,0
208,217.3,7.9,0
209,186.7,11.6,0
210,207.8,16.9,0
211,218.2,6.0,0
212,212.0,6.2,0
213,191.0,16.9,0
214,224.2,12.4,0
215,219.3,7.4,0
216,220.6,15.9,0
217,187.2,15.7,0
218,186.8,11.9,1
219,231.0,12.8,0
220,201.9,9.0,1
221,196.6,6.6,0
222,206.9,12.5,1
223,216.5,9.2,0
224,232.6,13.3,0
225,195.8,15.2,0
226,230.9,6.2,0
227,181.4,12.6,0
228,210.5,8.5,0
229,214.9,15.6,0
230,185.8,8.8,0
231,187.7,12.7,1
232,203.1,12.1,1
233,233.1,10.4,0
234,212.8,13.5,1
235,231.3,14.0,0
236,224.2,12.2,1
237,205.7,14.3,0
238,223.2,16.8,0
239,181.0,10.6,0
240,186.0,11.7,0
241,225.6,6.1,0
242,223.8,14.8,0
243,192.8,11.7,1
244,209.2,10.5,1
245,213.3,7.0,0
246,227.7,15.8,0
247,213.2,10.3,1
248,202.7,13.5,0
249,200.6,7.6,1
250,203.4,16.6,0
251,215.9,8.0,0
252,227.7,8.2,0
253,205.0,15.4,0
254,193.6,16.0,0
255,193.0,8.3,0
256,221.0,11.2,0
257,224.9,14.1,0
258,185.8,15.7,0
259,183.7,10.2,0
260,212.7,11.7,1
261,188.0,14.2,0
262,225.4,14.0,0
263,197.1,14.6,0
264,187.9,12.3,0
265,230.7,7.2,0
266,189.1,15.9,0
267,195.7,15.5,0
268,188.4,14.8,0
269,186.4,7.1,0
270,181.2,8.2,0
271,183.0,14.2,0
272,189.6,6.3,0
273,182.9,16.8,0
274,212.5,10.1,1
275,217.4,13.9,1
276,201.6,15.8,0
277,197.5,10.3,1
278,207.7,9.5,1
279,228.1,12.7,0
280,226.8,12.4,0
281,182.4,10.5,0
282,190.0,12.6,0
283,193.0,16.3,0
284,193.7,11.1,1
285,211.4,8.2,1
286,202.9,10.1,1
287,182.7,10.3,0
288,200.5,7.4,0
289,208.8,7.8,1
290,185.6,13.5,0
291,225.8,9.7,0
292,182.9,16.5,0
293,230.9,8.7,0
294,185.5,7.1,0
295,226.4,14.3,0
296,229.6,15.7,0
297,233.9,9.1,0
298,224.1,8.2,0
299,222.9,8.0,0
300,215.3,11.7,1
301,222.8,11.2,0
302,187.4,8.9,0
303,209.5,6.5,0
304,208.3,11.3,1
305,227.2,16.6,0
306,205.5,13.2,1
307,201.2,11.5,1
308,215.2,7.2,0
309,194.7,8.8,1
310,187.7,9.2,1
311,206.3,14.4,1
312,202.9,15.6,0
313,192.8,15.9,0
314,200.2,16.8,0
315,200.2,16.8,0
316,198.0,16.5,0
317,200.9,6.8,0
318,217.7,7.5,0
319,196.3,9.3,1
320,232.2,12.1,0
321,230.4,7.1,0
322,206.5,15.3,0
323,198.1,12.8,1
324,209.4,12.0,1
325,226.7,7.8,0
326,215.9,8.8,1
327,224.2,7.8,0
328,209.3,15.4,0
329,214.8,12.4,1
330,195.8,14.1,1
331,220.4,9.3,0
332,191.1,10.1,1
333,218.2,10.5,1
334,227.3,14.4,0
335,187.3,14.5,0
336,213.8,8.3,1
337,185.2,16.4,0
338,219.9,7.3,0
339,184.6,15.9,0
340,231.5,7.1,0
341,187.6,8.9,0
342,232.7,15.3,0
343,224.0,8.0,0
344,212.7,10.5,1
345,223.0,10.9,0
346,223.7,8.7,0
347,232.0,13.8,0
348,193.9,15.4,0
349,212.5,15.6,0
350,185.2,9.7,1
351,213.9,11.8,1
352,189.4,8.7,0
353,211.1,8.7,1
354,211.5,7.8,0
355,205.6,16.3,0
356,208.7,15.8,1
357,222.0,14.6,0
358,224.0,11.7,1
359,207.1,11.4,1
360,213.0,11.8,1
361,231.2,11.9,0
362,186.6,10.8,0
363,186.4,7.4,0
364,184.8,7.4,0
365,216.2,16.5,0
366,203.0,11.3,1
367,222.6,16.5,0
368,216.9,7.8,0
369,198.4,12.1,1
370,229.4,8.3,0
371,221.9,8.8,0
372,194.9,6.3,0
373,200.0,7.3,0
374,197.3,16.1,0
375,188.7,9.5,1
376,188.1,12.7,0
377,231.5,11.1,0
378,204.1,10.4,1
379,201.1,11.9,1
380,220.1,8.1,0
381,210.4,16.9,0
382,231.5,15.0,0
383,222.9,14.2,0
384,206.4,11.2,1
385,200.7,7.7,0
386,234.3,16.1,0
387,219.5,9.8,1
388,232.3,6.6,0
389,186.5,9.8,0
390,226.8,14.7,0
391,215.0,12.8,1
392,186.7,14.3,0
393,212.4,14.7,0
394,217.7,8.3,0
395,180.7,16.2,0
396,205.0,10.8,1
397,225.4,13.0,0
398,196.2,6.0,0
399,205.2,16.9,0
400,204.3,9.1,1
401,196.6,6.7,0
402,230.5,11.0,0
403,223.0,7.4,0
404,186.1,7.7,0
405,234.8,13.0,0
406,228.4,10.3,0
407,195.6,16.1,0
408,226.0,9.5,0
409,185.9,14.0,0
410,235.0,11.1,0
411,216.6,13.3,1
412,215.8,12.6,1
413,185.0,11.2,0
414,229.3,16.5,0
415,181.6,9.8,0
416,193.2,7.9,0
417,187.9,13.5,0
418,222.7,15.3,0
419,190.9,6.4,0
420,230.1,10.9,0
421,216.1,15.8,0
422,182.0,14.2,0
423,180.3,16.9,0
424,182.8,11.8,0
425,213.3,13.3,1
426,224.1,9.3,0
427,193.1,16.4,0
428,226.7,10.0,0
429,183.1,14.1,0
430,224.1,10.4,0
431,231.0,12.2,0
432,222.5,13.9,0
433,218.4,11.6,1
434,226.1,16.0,0
435,182.2,10.6,0
436,191.1,13.1,1
437,186.9,9.8,0
438,207.7,10.5,1
439,221.0,10.8,0
440,214.7,7.4,1
441,226.8,7.0,0
442,188.5,13.3,0
443,220.4,13.2,0
444,190.6,13.3,0
445,194.9,6.2,0
446,219.0,9.6,1
447,233.9,8.2,0
448,213.6,14.6,0
449,183.0,15.5,0
450,213.9,8.7,1
451,182.3,13.3,0
452,228.6,7.4,0
453,219.0,9.0,0
454,189.5,7.5,0
455,185.0,9.1,0
456,190.1,13.4,0
457,233.9,16.0,0
458,205.2,8.2,1
459,223.1,12.0,0
460,215.0,13.7,0
461,211.5,16.5,0
462,188.0,12.7,0
463,232.0,8.8,0
464,196.6,12.9,0
465,211.8,9.5,1
466,218.5,16.7,0
467,215.7,10.4,1
468,231.7,13.5,0
469,188.2,6.3,0
470,208.0,10.4,1
471,202.2,15.6,0
472,206.1,12.7,1
473,186.6,10.9,1
474,187.4,16.3,0
475,195.3,15.4,0
476,196.8,9.5,1
477,203.5,12.0,1
478,213.6,11.4,1
479,214.9,13.0,1
480,202.6,9.7,1
481,202.5,8.7,1
482,192.0,16.0,0
483,212.4,16.2,0
484,197.4,15.3,0
485,182.0,16.8,0
486,203.0,14.2,1
487,206.1,14.4,1
488,192.4,14.4,0
489,211.5,11.3,1
490,211.1,11.0,1
491,218.6,8.6,0
492,215.6,13.1,1
493,215.9,9.2,1
494,197.4,8.8,1
495,223.3,12.4,0
496,210.2,10.5,1
497,203.7,8.4,0
498,214.4,15.0,0
499,199.8,15.5,0
500,208.2,7.8,0
501,220.5,6.1,0
502,228.8,9.7,0
503,230.7,14.8,0
504,207.7,15.2,0
505,208.6,7.5,0
506,224.0,14.5,0
507,197.3,7.3,0
508,226.1,10.3,0
509,207.2,17.0,0
510,186.4,8.1,0
511,184.0,7.7,0
512,226.3,10.7,0
513,183.1,12.8,0
514,195.4,16.3,0
515,198.4,16.8,0
516,189.5,6.8,0
517,197.3,7.5,1
518,220.8,14.7,0
519,180.8,9.0,0
520,225.5,15.7,0
521,227.1,13.3,0
522,200.5,7.2,0
523,188.4,15.2,0
524,213.0,7.9,0
525,186.6,10.7,0
526,200.1,12.1,1
527,232.7,11.5,0
528,234.8,13.5,0
529,222.5,13.2,1
530,197.1,16.9,0
531,217.8,17.0,0
532,218.8,11.7,1
533,201.3,7.0,0
534,215.2,14.0,0
535,180.6,16.7,0
536,191.5,9.5,1
537,208.9,11.1,1
538,189.0,10.7,1
539,189.1,6.6,0
540,226.0,13.4,0
541,234.4,9.9,0
542,210.6,14.7,0
543,226.1,15.2,0
544,234.5,15.0,0
545,187.8,10.6,0
546,204.7,9.5,1
547,201.6,14.2,1
548,184.4,14.8,0
549,221.5,11.4,0
550,203.9,15.8,0
551,205.8,7.6,1
552,188.3,15.7,0
553,190.0,7.1,0
554,229.9,7.7,0
555,182.5,11.9,0
556,192.8,6.7,0
557,196.1,6.6,0
558,207.0,6.0,0
559,212.3,10.8,1
560,207.1,14.5,0
561,184.6,6.4,0
562,193.4,13.2,1
563,226.4,15.1,0
564,215.1,7.8,1
565,215.7,7.6,0
566,216.9,15.5,0
567,222.0,15.1,0
568,183.2,11.9,0
569,200.2,15.0,0
570,209.7,7.0,1
571,198.6,10.3,1
572,226.4,14.1,0
573,206.5,8.8,1
574,222.3,14.3,0
575,226.9,11.5,0
576,207.8,14.3,1
577,230.0,11.1,0
578,212.3,10.0,1
579,226.8,8.4,0
580,198.7,8.3,1
581,207.4,14.3,0
582,209.2,7.3,1
583,185.8,6.9,0
584,201.9,7.9,1
585,230.5,7.9,0
586,214.7,15.1,0
587,189.8,10.4,1
588,198.6,16.9,0
589,190.5,7.5,0
590,181.4,13.2,0
591,231.0,10.9,0
592,204.7,10.3,1
593,196.9,15.6,0
594,212.9,16.7,0
595,180.4,15.6,0
596,195.3,8.1,0
597,218.7,8.4,1
598,214.9,13.2,1
599,234.0,9.2,0
600,214.1,14.1,1
